Pozycja,Danie,WW,WBT,kcal,poz,nieposort.,ww,wbt,posortowane,ww,wbt
1,almont & apricot Eat Natural - 1 bar (35g),1.17,0.92,162,2,almont & apricot Eat Natural - 1 bar (35g),1.17,0.92,Aberdeen Angus cheese melt burger (Mark&Spencer) - 1 szt. (162.5g),0.67,3.63
2,ananas (pół - 200g),2.48,0.07,120,3,ananas (pół - 200g),2.48,0.07,almont & apricot Eat Natural - 1 bar (35g),1.17,0.92
181,Angel slice FreeFrom (1 slice - 38g),2.33,0.67,160,4,Angel slice FreeFrom (1 slice - 38g),2.33,0.67,ananas (pół - 200g),2.48,0.07
3,arbuz - 1 plaster (350g),2.80,0.00,,5,arbuz - 1 plaster (350g),2.80,0.00,Angel slice FreeFrom (1 slice - 38g),2.33,0.67
4,bacon rasher (1 szt.) (bekon - boczek) - około 23.5g,0.00,0.78,,6,bacon rasher (1 szt.) (bekon - boczek) - około 23.5g,0.00,0.78,arbuz - 1 plaster (350g),2.80,0.00
5,banan,2.60,0.08,,7,banan,2.60,0.08,bacon rasher (1 szt.) (bekon - boczek) - około 23.5g,0.00,0.78
6,beans (porcja - 1/4 puszki),1.34,0.21,,8,beans (porcja - 1/4 puszki),1.34,0.21,banan,2.60,0.08
162,Beef stroganoff & rice (The Cooperative) (opakowanie 400g),4.80,2.36,480,10,Beef stroganoff & rice (The Cooperative) (opakowanie 400g),4.80,2.36,beans (porcja - 1/4 puszki),1.34,0.21
188,Beetroot juice (sok z buraków) - szklanka 200g,1.86,0.09,84,11,Beetroot juice (sok z buraków) - szklanka 200g,1.86,0.09,Beef Steak Burgers Tesco Finest - 1 szt. z 4,0.18,1.77
187,bigos domowy porcja (200g),0.48,1.38,224,12,bigos domowy porcja (200g),0.48,1.38,Beef stroganoff & rice (The Cooperative) (opakowanie 400g),4.80,2.36
7,black bean chicken with egg fried rice (porcja mniomni - 140g + 200g),4.02,3.56,500,13,black bean chicken with egg fried rice (porcja mniomni - 140g + 200g),4.02,3.56,Beetroot juice (sok z buraków) - szklanka 200g,1.86,0.09
167,brown ciabatta rolls DS (50g- per roll),1.55,0.49,137,15,brown ciabatta rolls DS (50g- per roll),1.55,0.49,bigos domowy porcja (200g),0.48,1.38
8,budyń - porcja 300g,4.90,0.90,,16,budyń - porcja 300g,4.90,0.90,black bean chicken with egg fried rice (porcja mniomni - 140g + 200g),4.02,3.56
153,bułeczka bezglutenowa z ziarnami,2.98,1.11,237,19,bułeczka bezglutenowa z ziarnami,2.98,1.11,borówka amerykańska (blueberry) 50g (garść),0.70,0.00
9,buraczki - szklanka (180g),1.40,0.00,68,17,buraczki - szklanka (180g),1.40,0.00,brown ciabatta rolls DS (50g- per roll),1.55,0.49
10,burger mondoma (120g),0.94,1.90,,18,burger mondoma (120g),0.94,1.90,budyń - porcja 300g,4.90,0.90
11,cebula (duża),0.60,0.10,,20,cebula (duża),0.60,0.10,buraczki - szklanka (180g),1.40,0.00
12,cheesecake (porcja moniśki - 240g - 1/4 małej blachy),6.70,6.29,936,21,cheesecake (porcja moniśki - 240g - 1/4 małej blachy),6.70,6.29,burger mondoma (120g),0.94,1.90
165,chicken & chorizo paella (poł opak. 375g M&S),6.15,3.10,566,22,chicken & chorizo paella (poł opak. 375g M&S),6.15,3.10,bułeczka bezglutenowa z ziarnami,2.98,1.11
169,Chicken hotpot Free from Sainsbury (1 opak. - 300g),1.29,1.85,266,23,Chicken hotpot Free from Sainsbury (1 opak. - 300g),1.29,1.85,cebula (duża),0.60,0.10
185,chipsy Dorritos -pół paki (110g),6.22,2.80,543.4,26,chipsy Dorritos -pół paki (110g),6.22,2.80,cheesecake (porcja moniśki - 240g - 1/4 małej blachy),6.70,6.29
13,chipsy Lays pomidorki cherry (100g),5.30,3.03,,27,chipsy Lays pomidorki cherry (100g),5.30,3.03,chicken & chorizo paella (poł opak. 375g M&S),6.15,3.10
173,chleb Bfree Tesco brown (1 kromka),0.92,0.25,68,28,chleb Bfree Tesco brown (1 kromka),0.92,0.25,Chicken hotpot Free from Sainsbury (1 opak. - 300g),1.29,1.85
14,chocolate cookie (1 ciaseczko - 46g),2.94,1.04,,29,chocolate cookie (1 ciaseczko - 46g),2.94,1.04,Chicken Madeira Tesco Finest (porcja - 450g),4.19,3.94
15,coca cola Regular - puszeczka (330ml),3.49,0.00,138.875,30,coca cola Regular - puszeczka (330ml),3.49,0.00,Chicken Tikka Masala & Pilau Rice Tesco - 1 porcja (550g),8.50,3.92
182,Coffe & Walnut Cake M&S ciasto gf - 1/4 ciasta (100g),4.76,2.54,449,31,Coffe & Walnut Cake M&S ciasto gf - 1/4 ciasta (100g),4.76,2.54,chipsy Dorritos -pół paki (110g),6.22,2.80
16,cranberry cookie white chocolate Tesco gluten-free ciasteczko (1 szt.),0.70,0.45,95,32,cranberry cookie white chocolate Tesco gluten-free ciasteczko (1 szt.),0.70,0.45,chipsy Lays pomidorki cherry (100g),5.30,3.03
17,cukier - 1 łyżeczka,0.50,0.00,20,33,cukier - 1 łyżeczka,0.50,0.00,chleb Bfree Tesco brown (1 kromka),0.92,0.25
18,cukier - 1 łyżka,1.20,0.00,49,34,cukier - 1 łyżka,1.20,0.00,chocolate cookie (1 ciaseczko - 46g),2.94,1.04
19,czekolada Dairy Milk Cadbury - 1 ząbek,0.26,0.14,24.3333333333333,35,czekolada Dairy Milk Cadbury - 1 ząbek,0.26,0.14,coca cola Regular - puszeczka (330ml),3.49,0.00
20,czekolada do picia / hot chocolate - duży kubas,4.12,1.26,230,36,czekolada do picia / hot chocolate - duży kubas,4.12,1.26,Coffe & Walnut Cake M&S ciasto gf - 1/4 ciasta (100g),4.76,2.54
21,Dr Pepper cola (puszka),3.40,0.00,,38,Dr Pepper cola (puszka),3.40,0.00,cranberry cookie white chocolate Tesco gluten-free ciasteczko (1 szt.),0.70,0.45
22,duża pierś z kurczaka bez paniery (140g),0.00,3.36,335,39,duża pierś z kurczaka bez paniery (140g),0.00,3.36,cukier - 1 łyżeczka,0.50,0.00
23,dżem (łyżeczka - 15g),0.92,0.00,37,40,dżem (łyżeczka - 15g),0.92,0.00,cukier - 1 łyżka,1.20,0.00
24,Fanta Orange (puszka),3.04,0.00,,41,Fanta Orange (puszka),3.04,0.00,czekolada Dairy Milk Cadbury - 1 ząbek,0.26,0.14
25,floater coffee (kawa) specjalność Doma,1.00,1.30,,44,floater coffee (kawa) specjalność Doma,1.00,1.30,czekolada do picia / hot chocolate - duży kubas,4.12,1.26
26,frytki KFC,2.80,1.29,,45,frytki KFC,2.80,1.29,czekolada Wedel Luksusowa z orzechami (1 pasek - 16.7g),0.81,0.63
27,frytki pół  z Mutley (140g),4.20,1.07,,46,frytki pół  z Mutley (140g),4.20,1.07,Dr Pepper cola (puszka),3.40,0.00
28,galaretka z proszku - 1 szklanka (220g),2.24,0.17,110,47,galaretka z proszku - 1 szklanka (220g),2.24,0.17,duża pierś z kurczaka bez paniery (140g),0.00,3.36
29,gołąbek (160g),1.63,1.18,173,48,gołąbek (160g),1.63,1.18,dżem (łyżeczka - 15g),0.92,0.00
157,granat - nasiona (paczka 80g),0.85,0.00,44,49,granat - nasiona (paczka 80g),0.85,0.00,Fanta Orange (puszka),3.04,0.00
30,gruszeczka z Tesco (80g),0.98,0.00,43.0769230769231,50,gruszeczka z Tesco (80g),0.98,0.00,Farmhouse Style Potatoes (Mark&Spencer) - pół paczki (200g),2.50,0.79
31,harvester - chicken breast + sundae + diet coke,9.50,4.50,,52,harvester - chicken breast + sundae + diet coke,9.50,4.50,fish finger Tesco 1 sztuka (30g),0.63,0.23
32,hot wing KFC skrzydełko,0.36,1.10,,53,hot wing KFC skrzydełko,0.36,1.10,floater coffee (kawa) specjalność Doma,1.00,1.30
33,jabłko małe (75g),0.96,0.00,36,54,jabłko małe (75g),0.96,0.00,frytki KFC,2.80,1.29
34,jajecznica z dwóch jaj na maśle,0.12,2.13,,55,jajecznica z dwóch jaj na maśle,0.12,2.13,frytki pół  z Mutley (140g),4.20,1.07
35,jajko gotowane,0.00,0.73,,56,jajko gotowane,0.00,0.73,galaretka z proszku - 1 szklanka (220g),2.24,0.17
36,jajko sadzone,0.00,1.30,,57,jajko sadzone,0.00,1.30,gołąbek (160g),1.63,1.18
37,jam tart gluten free tesco,2.20,0.50,140,58,jam tart gluten free tesco,2.20,0.50,granat - nasiona (paczka 80g),0.85,0.00
186,jogurt Danio blueberry (150g),1.82,0.76,151,59,jogurt Danio blueberry (150g),1.82,0.76,gruszeczka z Tesco (80g),0.98,0.00
180,jogurt muller corner owocowy (150g),2.09,0.75,163.5,60,jogurt muller corner owocowy (150g),2.09,0.75,Guava (165g),2.40,0.16
38,jogurt muller light greek style with toffie (120g),1.26,0.33,87.5,61,jogurt muller light greek style with toffie (120g),1.26,0.33,harvester - chicken breast + sundae + diet coke,9.50,4.50
195,Jogurt Onken Fat Free (pół kubeczka - 225g),3.60,0.44,195.75,62,Jogurt Onken Fat Free (pół kubeczka - 225g),3.60,0.44,hot wing KFC skrzydełko,0.36,1.10
39,jogurt z płatkami (porcja mniomni - 230g + 63g),7.20,1.94,,63,jogurt z płatkami (porcja mniomni - 230g + 63g),7.20,1.94,jabłko małe (75g),0.96,0.00
163,kabanosik - 45g,0.00,1.47,147,64,kabanosik - 45g,0.00,1.47,jajecznica z dwóch jaj na maśle,0.12,2.13
40,kakao z mlekiem półtłustym (280g),1.50,1.00,,65,kakao z mlekiem półtłustym (280g),1.50,1.00,jajko gotowane,0.00,0.73
189,kanapka bezgl. Cheddar Cheese M&S - paczka,4.48,3.32,525,66,kanapka bezgl. Cheddar Cheese M&S - paczka,4.48,3.32,jajko sadzone,0.00,1.30
190,kanapka bezgl. Chicken Salad M&S - paczka,4.02,2.86,457,67,kanapka bezgl. Chicken Salad M&S - paczka,4.02,2.86,jam tart gluten free tesco,2.20,0.50
178,kanapka bezgl. Egg&Watercress M&S - paczka,3.83,2.09,378,68,kanapka bezgl. Egg&Watercress M&S - paczka,3.83,2.09,jogurt Danio blueberry (150g),1.82,0.76
41,kanapka z nutellą,2.40,0.46,,69,kanapka z nutellą,2.40,0.46,jogurt muller corner owocowy (150g),2.09,0.75
42,kanapka z pasztetem,1.29,0.71,,70,kanapka z pasztetem,1.29,0.71,jogurt muller light greek style with toffie (120g),1.26,0.33
43,kanapka z philadelphią,1.25,0.13,,71,kanapka z philadelphią,1.25,0.13,Jogurt Onken Fat Free (pół kubeczka - 225g),3.60,0.44
46,kanapka z ser. wiejskim i miodem,2.41,0.27,,72,kanapka z ser. wiejskim i miodem,2.41,0.27,jogurt z płatkami (porcja mniomni - 230g + 63g),7.20,1.94
44,kanapka z serem ALBO wędliną,1.20,0.45,,73,kanapka z serem ALBO wędliną,1.20,0.45,kabanosik - 45g,0.00,1.47
45,kanapka z serem i wędliną,1.20,0.70,,74,kanapka z serem i wędliną,1.20,0.70,kakao z mlekiem półtłustym (280g),1.50,1.00
47,kanapka z twarogiem i dżemem,3.32,1.00,,75,kanapka z twarogiem i dżemem,3.32,1.00,kanapka bezgl. Cheddar Cheese M&S - paczka,4.48,3.32
48,kanapka z twarogiem i miodem ,3.20,1.00,,76,kanapka z twarogiem i miodem ,3.20,1.00,kanapka bezgl. Chicken Salad M&S - paczka,4.02,2.86
49,kapuśniak - porcja,0.35,0.20,,79,kapuśniak - porcja,0.35,0.20,kanapka bezgl. Egg&Watercress M&S - paczka,3.83,2.09
50,kapusta czerwona - porcja 100g,1.00,0.05,,77,kapusta czerwona - porcja 100g,1.00,0.05,kanapka z nutellą,2.40,0.46
51,kapusta czerwona zasmazana - szklanka,2.76,1.35,240,78,kapusta czerwona zasmazana - szklanka,2.76,1.35,kanapka z pasztetem,1.29,0.71
155,kasza gryczana (ugotowana) - szklaneczka (140g),2.94,0.33,143,81,kasza gryczana (ugotowana) - szklaneczka (140g),2.94,0.33,kanapka z philadelphią,1.25,0.13
52,kebab Moni z Mutley,3.00,2.00,,82,kebab Moni z Mutley,3.00,2.00,kanapka z ser. wiejskim i miodem,2.41,0.27
53,keczup (łyżeczka - 15g),0.47,0.00,,83,keczup (łyżeczka - 15g),0.47,0.00,kanapka z serem ALBO wędliną,1.20,0.45
54,kiełbacha smażona / z grilla (2 paski),0.00,2.28,,84,kiełbacha smażona / z grilla (2 paski),0.00,2.28,kanapka z serem i wędliną,1.20,0.70
55,kiełbasa biała surowa (1 szt. - 100g),0.03,2.72,100,85,kiełbasa biała surowa (1 szt. - 100g),0.03,2.72,kanapka z twarogiem i dżemem,3.32,1.00
56,kiełbasa myśliwska - pałka 75g,0.00,2.20,218,86,kiełbasa myśliwska - pałka 75g,0.00,2.20,kanapka z twarogiem i miodem ,3.20,1.00
57,kiwi (1 sztuka - 75g),0.90,0.00,42,87,kiwi (1 sztuka - 75g),0.90,0.00,kapusta czerwona - porcja 100g,1.00,0.05
179,kokos kawałki (100g),1.52,3.15,394,88,kokos kawałki (100g),1.52,3.15,kapusta czerwona zasmazana - szklanka,2.76,1.35
58,kotlet mielony,0.30,1.90,,89,kotlet mielony,0.30,1.90,kapuśniak - porcja,0.35,0.20
59,kotlet schabowy z piersi kurczaka (80g),0.00,3.35,332,90,kotlet schabowy z piersi kurczaka (80g),0.00,3.35,Karkówka pieczona (100g),0.00,4.06
60,kotlet z piersi kurczaka z serem dewolaj devollaile(200g),0.80,5.50,360,91,kotlet z piersi kurczaka z serem dewolaj devollaile(200g),0.80,5.50,kasza gryczana (ugotowana) - szklaneczka (140g),2.94,0.33
61,krokiet z kapustą i grzybami (130g),4.30,1.37,,92,krokiet z kapustą i grzybami (130g),4.30,1.37,kebab Moni z Mutley,3.00,2.00
62,krokiet z mięsem - 110g,2.30,2.28,,93,krokiet z mięsem - 110g,2.30,2.28,keczup (łyżeczka - 15g),0.47,0.00
63,krokiety z kapustą I grzybami Virtu (1 krokiet),1.45,1.07,,94,krokiety z kapustą I grzybami Virtu (1 krokiet),1.45,1.07,kiełbacha smażona / z grilla (2 paski),0.00,2.28
156,krówka - cukiereczek (10g),0.74,0.10,40,95,krówka - cukiereczek (10g),0.74,0.10,kiełbasa biała surowa (1 szt. - 100g),0.03,2.72
64,kukurydza - kolba,3.70,0.51,,96,kukurydza - kolba,3.70,0.51,kiełbasa myśliwska - pałka 75g,0.00,2.20
65,kung po chicken + egg fried rice (chińczyk) - porcja mniomni,5.30,3.50,,97,kung po chicken + egg fried rice (chińczyk) - porcja mniomni,5.30,3.50,kiwi (1 sztuka - 75g),0.90,0.00
66,kurczak pieczony (udko + nóżka) - 160g (bez kości),0.00,4.28,,98,kurczak pieczony (udko + nóżka) - 160g (bez kości),0.00,4.28,kokos kawałki (100g),1.52,3.15
67,kurczak smażony z warzywami z sosikiem (porcja - 330g),3.30,2.16,,99,kurczak smażony z warzywami z sosikiem (porcja - 330g),3.30,2.16,kotlet mielony,0.30,1.90
68,kuskus - couscous bezglutenowy - porcja 75g,5.59,0.30,264,100,kuskus - couscous bezglutenowy - porcja 75g,5.59,0.30,kotlet schabowy z piersi kurczaka (80g),0.00,3.35
69,lasagne (porcja 300g),3.80,2.26,,101,lasagne (porcja 300g),3.80,2.26,kotlet z piersi kurczaka z serem dewolaj devollaile(200g),0.80,5.50
70,lasagne beef gluten free Georgia's choice - 350g,6.00,2.59,497,102,lasagne beef gluten free Georgia's choice - 350g,6.00,2.59,krokiet z kapustą i grzybami (130g),4.30,1.37
183,Lody Cherry Vanilla Tesco - porcja 125g,4.43,0.85,,103,Lody Cherry Vanilla Tesco - porcja 125g,4.43,0.85,krokiet z mięsem - 110g,2.30,2.28
71,łosoś pieczony (100g),0.30,2.07,,216,łosoś pieczony (100g),0.30,2.07,krokiety z kapustą I grzybami Virtu (1 krokiet),1.45,1.07
192,M&S beef & red wine casserole - paczka (420g),2.90,2.27,357,104,M&S beef & red wine casserole - paczka (420g),2.90,2.27,krówka - cukiereczek (10g),0.74,0.10
191,M&S chicken in red wine sauce - paczka (400g),3.72,1.73,332,105,M&S chicken in red wine sauce - paczka (400g),3.72,1.73,kukurydza - kolba,3.70,0.51
193,M&S Scottish Lochmuir Salmon - paczka (385g),3.00,1.12,331,107,M&S Scottish Lochmuir Salmon - paczka (385g),3.00,1.12,kung po chicken + egg fried rice (chińczyk) - porcja mniomni,5.30,3.50
72,makaron (porcja 150g),4.65,0.56,,108,makaron (porcja 150g),4.65,0.56,kurczak pieczony (udko + nóżka) - 160g (bez kości),0.00,4.28
73,makaron bezgl. Tagiatelle - szklanka 120g,3.25,0.45,175,109,makaron bezgl. Tagiatelle - szklanka 120g,3.25,0.45,kurczak smażony z warzywami z sosikiem (porcja - 330g),3.30,2.16
74,makaron ryżowy - 100g,3.04,0.11,134.4,110,makaron ryżowy - 100g,3.04,0.11,kuskus - couscous bezglutenowy - porcja 75g,5.59,0.30
75,makaron ze szpinakiem I boczkiem (ala carbonara) - porcja monisi (350g),4.73,3.00,511,111,makaron ze szpinakiem I boczkiem (ala carbonara) - porcja monisi (350g),4.73,3.00,lasagne (porcja 300g),3.80,2.26
76,makrela wędzona (filet) (100g),0.00,2.22,,112,makrela wędzona (filet) (100g),0.00,2.22,lasagne beef gluten free Georgia's choice - 350g,6.00,2.59
184,mandarynka (easy peeler) - 1 szt. (65g),0.73,0.00,27,113,mandarynka (easy peeler) - 1 szt. (65g),0.73,0.00,Lody Cherry Vanilla Tesco - porcja 125g,4.43,0.85
77,mango całe bez częśći niejadalnych (230g),4.30,0.00,188,114,mango całe bez częśći niejadalnych (230g),4.30,0.00,M&S beef & red wine casserole - paczka (420g),2.90,2.27
78,masło - 1 łyżka,0.00,0.89,,115,masło - 1 łyżka,0.00,0.89,M&S chicken in red wine sauce - paczka (400g),3.72,1.73
166,Mesa Sunrise cereal flakes płatki bezglutenowe (100g),7.00,0.70,400,116,Mesa Sunrise cereal flakes płatki bezglutenowe (100g),7.00,0.70,M&S jerk chicken with coconut rice & corn - paczka (380g),3.65,2.06
79,mięso mielone (100g),0.00,3.11,308,117,mięso mielone (100g),0.00,3.11,M&S Scottish Lochmuir Salmon - paczka (385g),3.00,1.12
80,miód (łyżeczka),0.95,0.00,,118,miód (łyżeczka),0.95,0.00,makaron (porcja 150g),4.65,0.56
81,miód Tesco (100g),8.10,0.00,,119,miód Tesco (100g),8.10,0.00,makaron bezgl. Tagiatelle - szklanka 120g,3.25,0.45
82,mizeria ze śmietaną (70g),0.27,0.34,,120,mizeria ze śmietaną (70g),0.27,0.34,makaron ryżowy - 100g,3.04,0.11
83,mleko półtłuste (250g),1.23,0.79,127.173913043478,121,mleko półtłuste (250g),1.23,0.79,makaron ze szpinakiem I boczkiem (ala carbonara) - porcja monisi (350g),4.73,3.00
84,mrożone warzywa (brokuł - kukurydza - marchew) - 160g saszetka Cooperative,1.22,0.32,,123,mrożone warzywa (brokuł - kukurydza - marchew) - 160g saszetka Cooperative,1.22,0.32,makrela wędzona (filet) (100g),0.00,2.22
160,nektarynka (1 sztuka 115g bez pestki),1.22,0.06,55,125,nektarynka (1 sztuka 115g bez pestki),1.22,0.06,mandarynka (easy peeler) - 1 szt. (65g),0.73,0.00
85,nutella- czekolada do smarowania (1 łyżeczka - 15g),0.80,0.46,82,128,nutella- czekolada do smarowania (1 łyżeczka - 15g),0.80,0.46,mango całe bez częśći niejadalnych (230g),4.30,0.00
164,oat sachets (Tesco free from) (1 opakowanie- 27g) owsianka,5.62,1.01,,129,oat sachets (Tesco free from) (1 opakowanie- 27g) owsianka,5.62,1.01,masło - 1 łyżka,0.00,0.89
86,Oranżada polska - szklana buteleczka 330 ml,2.44,0.00,99,130,Oranżada polska - szklana buteleczka 330 ml,2.44,0.00,Mesa Sunrise cereal flakes płatki bezglutenowe (100g),7.00,0.70
87,orzechy (100g),0.67,6.06,,131,orzechy (100g),0.67,6.06,mięso mielone (100g),0.00,3.11
88,orzechy nerkowce - honey roasted cashews - 100g,2.75,4.53,,132,orzechy nerkowce - honey roasted cashews - 100g,2.75,4.53,miód (łyżeczka),0.95,0.00
89,pączul,4.35,1.19,,141,pączul,4.35,1.19,miód Tesco (100g),8.10,0.00
90,Paella cooperative - pół dania,6.10,2.15,485,133,Paella cooperative - pół dania,6.10,2.15,mizeria ze śmietaną (70g),0.27,0.34
172,paella Tesco Finest (paczka 375g),7.70,2.88,605,134,paella Tesco Finest (paczka 375g),7.70,2.88,mleko półtłuste (250g),1.23,0.79
91,papryka (100g),0.66,0.10,,136,papryka (100g),0.66,0.10,Mousse Tesco Finest (pojemniczek - 100g),2.61,2.22
92,papryka cerwona duża (230g),1.52,0.23,,137,papryka cerwona duża (230g),1.52,0.23,mrożone warzywa (brokuł - kukurydza - marchew) - 160g saszetka Cooperative,1.22,0.32
93,papryka czerwona duża,1.50,0.00,,138,papryka czerwona duża,1.50,0.00,Muszle- małże- moussels w zalewie (pół paczki Tesco -125g),0.24,0.94
94,parówka,0.00,1.04,,139,parówka,0.00,1.04,nektarynka (1 sztuka 115g bez pestki),1.22,0.06
154,pasztet kurczaczkowy - 1 łyżka (20g),0.10,0.34,38,140,pasztet kurczaczkowy - 1 łyżka (20g),0.10,0.34,Nestle Milky Bar Dessert (1 kubeczek - 70g),1.53,1.01
95,Philadelphia (100g),0.54,1.30,,142,Philadelphia (100g),0.54,1.30,Nice&Nobbly Granola płatki Gluten Free Nature's Path (100g),7.33,1.60
96,pieczary smażone z cebulką w śmietanie - porcja 250g,0.50,0.70,,143,pieczary smażone z cebulką w śmietanie - porcja 250g,0.50,0.70,nutella- czekolada do smarowania (1 łyżeczka - 15g),0.80,0.46
97,pierogi ruskie Virtu - porcja 200g (6.5 pieroga),6.00,1.38,,144,pierogi ruskie Virtu - porcja 200g (6.5 pieroga),6.00,1.38,oat sachets (Tesco free from) (1 opakowanie- 27g) owsianka,5.62,1.01
98,pierogi z kapustą i mięsem Virtu(200g - pół paczki),5.00,1.40,,145,pierogi z kapustą i mięsem Virtu(200g - pół paczki),5.00,1.40,Oranżada polska - szklana buteleczka 330 ml,2.44,0.00
99,pierogi z kapustą i mięsem Virtu(320g),8.20,2.00,,146,pierogi z kapustą i mięsem Virtu(320g),8.20,2.00,orzechy (100g),0.67,6.06
100,pierś z kuraka (100g),0.00,0.98,,147,pierś z kuraka (100g),0.00,0.98,orzechy nerkowce - honey roasted cashews - 100g,2.75,4.53
101,pizza BBQ mega meaty Gluten Free Pizza Hut - 1 slice,2.39,1.48,282,148,pizza BBQ mega meaty Gluten Free Pizza Hut - 1 slice,2.39,1.48,Paella cooperative - pół dania,6.10,2.15
102,pizza Dominos stuffed Crust (slice),2.44,1.10,,149,pizza Dominos stuffed Crust (slice),2.44,1.10,paella Tesco Finest (paczka 375g),7.70,2.88
103,pizza Sainsburego (pepperoni - 360g),9.83,6.47,,150,pizza Sainsburego (pepperoni - 360g),9.83,6.47,Papaja duża (pół - 150g),3.33,0.09
104,pizza Sainsburego (szpinak&richotta - 360g),9.68,3.99,,151,pizza Sainsburego (szpinak&richotta - 360g),9.68,3.99,papryka (100g),0.66,0.10
105,Pizza Tesco (pół),4.50,0.00,,152,Pizza Tesco (pół),4.50,0.00,papryka cerwona duża (230g),1.52,0.23
171,pizza The Sizzler Dominos (small- GF crust) - cała,6.64,3.67,630.4,154,pizza The Sizzler Dominos (small- GF crust) - cała,6.64,3.67,papryka czerwona duża,1.50,0.00
106,plaster boczku / bacon rasher,0.00,0.70,,155,plaster boczku / bacon rasher,0.00,0.70,parówka,0.00,1.04
107,płatki Crunchy Nut Chocolate (100g),6.70,1.85,460,164,płatki Crunchy Nut Chocolate (100g),6.70,1.85,pasztet kurczaczkowy - 1 łyżka (20g),0.10,0.34
161,płatki kukurydziane (Cornflakes) - porcja 40g,3.36,0.14,151.2,165,płatki kukurydziane (Cornflakes) - porcja 40g,3.36,0.14,pączul,4.35,1.19
194,Płatki Maple Sunrise GF (100g),8.33,0.58,367,166,Płatki Maple Sunrise GF (100g),8.33,0.58,Philadelphia (100g),0.54,1.30
108,płatki mniomni Owocowe (100g),6.20,1.62,,167,płatki mniomni Owocowe (100g),6.20,1.62,pieczary smażone z cebulką w śmietanie - porcja 250g,0.50,0.70
109,pomarańcza (240g) ,2.40,0.00,106,156,pomarańcza (240g) ,2.40,0.00,pierogi ruskie Virtu - porcja 200g (6.5 pieroga),6.00,1.38
110,porcja brokuła (100g),0.52,0.16,27,157,porcja brokuła (100g),0.52,0.16,pierogi z kapustą i mięsem Virtu(200g - pół paczki),5.00,1.40
111,pork loin steak - 1 wieprzowy stek - 125g,0.43,2.47,268.75,158,pork loin steak - 1 wieprzowy stek - 125g,0.43,2.47,pierogi z kapustą i mięsem Virtu(320g),8.20,2.00
112,Pringles chipsy (100g),5.00,3.05,,159,Pringles chipsy (100g),5.00,3.05,pierś z kuraka (100g),0.00,0.98
113,Profi barszcz ukraiński - paczka 500g,3.20,1.54,290,160,Profi barszcz ukraiński - paczka 500g,3.20,1.54,pizza BBQ mega meaty Gluten Free Pizza Hut - 1 slice,2.39,1.48
114,Profi zupka kapusniak (500g),1.36,0.80,,161,Profi zupka kapusniak (500g),1.36,0.80,pizza Dominos stuffed Crust (slice),2.44,1.10
115,pure oat fruit muesli tesco gluten free (100g),5.65,1.30,380,162,pure oat fruit muesli tesco gluten free (100g),5.65,1.30,pizza Sainsburego (pepperoni - 360g),9.83,6.47
116,Rice Muller jogurt (1 sztuka),3.61,0.61,,168,Rice Muller jogurt (1 sztuka),3.61,0.61,pizza Sainsburego (szpinak&richotta - 360g),9.68,3.99
117,rosół z makaronem - porcja,3.69,0.64,,169,rosół z makaronem - porcja,3.69,0.64,Pizza Tesco (pół),4.50,0.00
118,ryż ugotowany(szklanka - 120g),2.70,0.10,,170,ryż ugotowany(szklanka - 120g),2.70,0.10,Pizza Tesco FreeFrom Cheese&Tomato - 1 sztuka (360g),10.40,3.59
119,sałatka owocowa mniomni- 1 porcja,6.00,0.00,,171,sałatka owocowa mniomni- 1 porcja,6.00,0.00,pizza The Sizzler Dominos (small- GF crust) - cała,6.64,3.67
175,Sałatka z brokułem- fetą i migdałami (150g),1.02,1.66,197,172,Sałatka z brokułem- fetą i migdałami (150g),1.02,1.66,plaster boczku / bacon rasher,0.00,0.70
121,ser wędzony (100g),0.00,3.14,,175,ser wędzony (100g),0.00,3.14,pomarańcza (240g) ,2.40,0.00
122,ser żółty - plaster,0.00,0.30,65,176,ser żółty - plaster,0.00,0.30,porcja brokuła (100g),0.52,0.16
123,serdelek (80g),0.00,2.62,258,177,serdelek (80g),0.00,2.62,pork loin steak - 1 wieprzowy stek - 125g,0.43,2.47
159,serek topiony - trójkącik (25g),0.10,0.74,77,178,serek topiony - trójkącik (25g),0.10,0.74,Pringles chipsy (100g),5.00,3.05
124,sernik pieczony - kawałek podłużny 60g,1.44,0.95,152.5,179,sernik pieczony - kawałek podłużny 60g,1.44,0.95,Profi barszcz ukraiński - paczka 500g,3.20,1.54
125,shake kitkat - 1 kufel,10.20,5.96,,180,shake kitkat - 1 kufel,10.20,5.96,Profi zupka kapusniak (500g),1.36,0.80
126,śledź w oleju (100g),0.00,3.04,304,195,śledź w oleju (100g),0.00,3.04,pure oat fruit muesli tesco gluten free (100g),5.65,1.30
127,smalczyk - porcja 10g,0.00,0.90,,181,smalczyk - porcja 10g,0.00,0.90,płatki Cruchy Honey Hoops Free From (100g),8.60,0.33
128,sok pomarańczowy (szklanka),2.16,0.12,,182,sok pomarańczowy (szklanka),2.16,0.12,płatki Crunchy Nut Chocolate (100g),6.70,1.85
129,sos chilli do spaghetti (100g),0.90,0.17,,183,sos chilli do spaghetti (100g),0.90,0.17,płatki kukurydziane (Cornflakes) - porcja 40g,3.36,0.14
130,sos Creamy Tomato - cały słoik (500g),4.35,3.70,,184,sos Creamy Tomato - cały słoik (500g),4.35,3.70,Płatki Maple Sunrise GF (100g),8.33,0.58
131,sos czosnkowy Winiary (łyżeczka - 15g),0.09,0.39,,185,sos czosnkowy Winiary (łyżeczka - 15g),0.09,0.39,płatki mniomni Owocowe (100g),6.20,1.62
132,sos pomidorowy z ziołami (łyżka stołowa),0.16,0.03,,186,sos pomidorowy z ziołami (łyżka stołowa),0.16,0.03,Rice Muller jogurt (1 sztuka),3.61,0.61
133,sos Tikka Masala Patak's - pół słoika (220g),1.17,1.49,215.6,187,sos Tikka Masala Patak's - pół słoika (220g),1.17,1.49,rosół z makaronem - porcja,3.69,0.64
134,spaghetti bolognese - porcja monisi (270g),4.00,3.61,521,188,spaghetti bolognese - porcja monisi (270g),4.00,3.61,ryż ugotowany(szklanka - 120g),2.70,0.10
174,stek Ribeye steak- 1 szt. - 270g - smażony- z masełkiem,0.00,3.62,350,189,stek Ribeye steak- 1 szt. - 270g - smażony- z masełkiem,0.00,3.62,sałatka owocowa mniomni- 1 porcja,6.00,0.00
135,Stek- steak surowy z rostbefu wołowego (sztuka- 70g),0.00,1.05,,190,Stek- steak surowy z rostbefu wołowego (sztuka- 70g),0.00,1.05,Sałatka z brokułem- fetą i migdałami (150g),1.02,1.66
177,sushi zestaw Upsu shop,4.20,0.40,,191,sushi zestaw Upsu shop,4.20,0.40,Seafood selection- mieszanka owoców morza (squid- prawns- moussels) - 100g,0.00,0.80
136,syropek smakowy Monin (łyżeczka 5g),0.36,0.00,,192,syropek smakowy Monin (łyżeczka 5g),0.36,0.00,Ser pleśniowy Brie - 1 plasterek (20g),0.02,0.69
158,szpinak w sosie czosnkowo-serowym z cebulką (100g),0.10,1.55,180,193,szpinak w sosie czosnkowo-serowym z cebulką (100g),0.10,1.55,ser wędzony (100g),0.00,3.14
137,szprot w pomidorach (porcja - 85g - pół konserwy),0.48,0.73,92,194,szprot w pomidorach (porcja - 85g - pół konserwy),0.48,0.73,ser żółty - plaster,0.00,0.30
138,tabletki glukozowe Gluco Tabs - 1 sztuka (4g),0.36,0.00,15,196,tabletki glukozowe Gluco Tabs - 1 sztuka (4g),0.36,0.00,serdelek (80g),0.00,2.62
139,Toblerone - 1 pypeć,0.78,0.37,68.25,197,Toblerone - 1 pypeć,0.78,0.37,serek topiony - trójkącik (25g),0.10,0.74
140,tortilla / wrap mondoma - warzywka + kurak + sosiki,5.93,3.28,,199,tortilla / wrap mondoma - warzywka + kurak + sosiki,5.93,3.28,sernik pieczony - kawałek podłużny 60g,1.44,0.95
141,tost z masłem,1.15,0.43,105,200,tost z masłem,1.15,0.43,shake kitkat - 1 kufel,10.20,5.96
142,Truskawki - 100g,0.55,0.00,,201,Truskawki - 100g,0.55,0.00,smalczyk - porcja 10g,0.00,0.90
170,twaróg - 1 plasterek (20g),0.07,0.23,26.6,203,twaróg - 1 plasterek (20g),0.07,0.23,sok pomarańczowy (szklanka),2.16,0.12
143,Walkers chipsy paczka (25g),1.32,0.76,130,204,Walkers chipsy paczka (25g),1.32,0.76,sos chilli do spaghetti (100g),0.90,0.17
144,Wedges (1/4 paczki McCain) - 180g,4.97,1.51,,205,Wedges (1/4 paczki McCain) - 180g,4.97,1.51,sos Creamy Tomato - cały słoik (500g),4.35,3.70
145,wędlina (szynka) - plasterek,0.00,0.20,,206,wędlina (szynka) - plasterek,0.00,0.20,sos czosnkowy Winiary (łyżeczka - 15g),0.09,0.39
146,winogrona granatowe(garść 70g),1.12,0.00,,207,winogrona granatowe(garść 70g),1.12,0.00,sos pomidorowy z ziołami (łyżka stołowa),0.16,0.03
147,żeberka Rack of BBQ Ribs Tesco - pół paczki (158g),1.83,3.00,375,214,żeberka Rack of BBQ Ribs Tesco - pół paczki (158g),1.83,3.00,sos Tikka Masala Patak's - pół słoika (220g),1.17,1.49
148,ziemniaki - porcja 130g,2.38,0.00,99.4,208,ziemniaki - porcja 130g,2.38,0.00,spaghetti bolognese - porcja monisi (270g),4.00,3.61
149,ziemniaki puree - porcja mniomni,2.07,0.38,,209,ziemniaki puree - porcja mniomni,2.07,0.38,stek Ribeye steak- 1 szt. - 270g - smażony- z masełkiem,0.00,3.62
150,zraz,0.28,2.57,,210,zraz,0.28,2.57,Stek- steak surowy z rostbefu wołowego (sztuka- 70g),0.00,1.05
151,zupa pomidorowa z ryżem - porcja 220g,2.38,0.62,152,211,zupa pomidorowa z ryżem - porcja 220g,2.38,0.62,sushi zestaw Upsu shop,4.20,0.40
168,zupa Tesco Finest Tomato & Lentil (porcja 600g),6.48,1.68,444,212,zupa Tesco Finest Tomato & Lentil (porcja 600g),6.48,1.68,syropek smakowy Monin (łyżeczka 5g),0.36,0.00
176,zupa Tomato&Basil Sainsbury - pół pojemniczka (300g),1.20,0.47,120,213,zupa Tomato&Basil Sainsbury - pół pojemniczka (300g),1.20,0.47,szpinak w sosie czosnkowo-serowym z cebulką (100g),0.10,1.55
152,żurek z ziemniakami i jajkiem - porcja 370g,1.89,1.03,,215,żurek z ziemniakami i jajkiem - porcja 370g,1.89,1.03,szprot w pomidorach (porcja - 85g - pół konserwy),0.48,0.73
196,łosoś wędzony (porcja 25g),0.03,0.45,44.75,217,łosoś wędzony (porcja 25g),0.03,0.45,śledź w oleju (100g),0.00,3.04
197,M&S jerk chicken with coconut rice & corn - paczka (380g),3.65,2.06,372,106,M&S jerk chicken with coconut rice & corn - paczka (380g),3.65,2.06,tabletki glukozowe Gluco Tabs - 1 sztuka (4g),0.36,0.00
198,Tomato and  basil Tesco soup (kartonik - 600g),3.00,1.20,252,198,Tomato and  basil Tesco soup (kartonik - 600g),3.00,1.20,Toblerone - 1 pypeć,0.78,0.37
199,Chicken Madeira Tesco Finest (porcja - 450g),4.19,3.94,571,24,Chicken Madeira Tesco Finest (porcja - 450g),4.19,3.94,Tomato and  basil Tesco soup (kartonik - 600g),3.00,1.20
200,Mousse Tesco Finest (pojemniczek - 100g),2.61,2.22,279,122,Mousse Tesco Finest (pojemniczek - 100g),2.61,2.22,tortilla / wrap mondoma - warzywka + kurak + sosiki,5.93,3.28
201,płatki Cruchy Honey Hoops Free From (100g),8.60,0.33,,163,płatki Cruchy Honey Hoops Free From (100g),8.60,0.33,tost z masłem,1.15,0.43
202,Nice&Nobbly Granola płatki Gluten Free Nature's Path (100g),7.33,1.60,467,127,Nice&Nobbly Granola płatki Gluten Free Nature's Path (100g),7.33,1.60,Truskawki - 100g,0.55,0.00
203,Aberdeen Angus cheese melt burger (Mark&Spencer) - 1 szt. (162.5g),0.67,3.63,391.625,1,Aberdeen Angus cheese melt burger (Mark&Spencer) - 1 szt. (162.5g),0.67,3.63,Tuna steak (stek z tuńczyka) - 1 szt.(111g),0.00,2.01
204,Farmhouse Style Potatoes (Mark&Spencer) - pół paczki (200g),2.50,0.79,186,42,Farmhouse Style Potatoes (Mark&Spencer) - pół paczki (200g),2.50,0.79,twaróg - 1 plasterek (20g),0.07,0.23
205,Karkówka pieczona (100g),0.00,4.06,419,80,Karkówka pieczona (100g),0.00,4.06,Walkers chipsy paczka (25g),1.32,0.76
206,Papaja duża (pół - 150g),3.33,0.09,61.5,135,Papaja duża (pół - 150g),3.33,0.09,Wedges (1/4 paczki McCain) - 180g,4.97,1.51
207,Guava (165g),2.40,0.16,112,51,Guava (165g),2.40,0.16,wędlina (szynka) - plasterek,0.00,0.20
208,fish finger Tesco 1 sztuka (30g),0.63,0.23,64.5,43,fish finger Tesco 1 sztuka (30g),0.63,0.23,winogrona granatowe(garść 70g),1.12,0.00
209,Beef Steak Burgers Tesco Finest - 1 szt. z 4,0.18,1.77,184,9,Beef Steak Burgers Tesco Finest - 1 szt. z 4,0.18,1.77,ziemniaki - porcja 130g,2.38,0.00
210,Chicken Tikka Masala & Pilau Rice Tesco - 1 porcja (550g),8.50,3.92,,25,Chicken Tikka Masala & Pilau Rice Tesco - 1 porcja (550g),8.50,3.92,ziemniaki puree - porcja mniomni,2.07,0.38
211,Pizza Tesco FreeFrom Cheese&Tomato - 1 sztuka (360g),10.40,3.59,799.2,153,Pizza Tesco FreeFrom Cheese&Tomato - 1 sztuka (360g),10.40,3.59,zraz,0.28,2.57
212,Ser pleśniowy Brie - 1 plasterek (20g),0.02,0.69,70,174,Ser pleśniowy Brie - 1 plasterek (20g),0.02,0.69,zupa pomidorowa z ryżem - porcja 220g,2.38,0.62
213,Tuna steak (stek z tuńczyka) - 1 szt.(111g),0.00,2.01,211,202,Tuna steak (stek z tuńczyka) - 1 szt.(111g),0.00,2.01,zupa Tesco Finest Tomato & Lentil (porcja 600g),6.48,1.68
214,czekolada Wedel Luksusowa z orzechami (1 pasek - 16.7g),0.81,0.63,97,37,czekolada Wedel Luksusowa z orzechami (1 pasek - 16.7g),0.81,0.63,zupa Tomato&Basil Sainsbury - pół pojemniczka (300g),1.20,0.47
215,Nestle Milky Bar Dessert (1 kubeczek - 70g),1.53,1.01,162,126,Nestle Milky Bar Dessert (1 kubeczek - 70g),1.53,1.01,żeberka Rack of BBQ Ribs Tesco - pół paczki (158g),1.83,3.00
216,borówka amerykańska (blueberry) 50g (garść),0.70,0.00,29,14,borówka amerykańska (blueberry) 50g (garść),0.70,0.00,żurek z ziemniakami i jajkiem - porcja 370g,1.89,1.03
217,Seafood selection- mieszanka owoców morza (squid- prawns- moussels) - 100g,0.00,0.80,80,173,Seafood selection- mieszanka owoców morza (squid- prawns- moussels) - 100g,0.00,0.80,łosoś pieczony (100g),0.30,2.07
218,Muszle- małże- moussels w zalewie (pół paczki Tesco -125g),0.24,0.94,105,124,Muszle- małże- moussels w zalewie (pół paczki Tesco -125g),0.24,0.94,łosoś wędzony (porcja 25g),0.03,0.45
219,,,,,0,0,0.00,0.00,,,
220,,,,,0,0,0.00,0.00,,,
221,,,,,0,0,0.00,0.00,,,
222,,,,,0,0,0.00,0.00,,,
223,,,,,0,0,0.00,0.00,,,
224,,,,,0,0,0.00,0.00,,,
225,,,,,0,0,0.00,0.00,,,
226,,,,,0,0,0.00,0.00,,,
227,,,,,0,0,0.00,0.00,,,
228,,,,,0,0,0.00,0.00,,,
229,,,,,0,0,0.00,0.00,,,
230,,,,,0,0,0.00,0.00,,,
231,,,,,0,0,0.00,0.00,,,
232,,,,,0,0,0.00,0.00,,,
233,,,,,0,0,0.00,0.00,,,
234,,,,,0,0,0.00,0.00,,,
235,,,,,0,0,0.00,0.00,,,
236,,,,,0,0,0.00,0.00,,,
237,,,,,0,0,0.00,0.00,,,
238,,,,,0,0,0.00,0.00,,,
239,,,,,0,0,0.00,0.00,,,
240,,,,,0,0,0.00,0.00,,,
241,,,,,0,0,0.00,0.00,,,
242,,,,,0,0,0.00,0.00,,,
243,,,,,0,0,0.00,0.00,,,
244,,,,,0,0,0.00,0.00,,,
245,,,,,0,0,0.00,0.00,,,
246,,,,,0,0,0.00,0.00,,,
247,,,,,0,0,0.00,0.00,,,
248,,,,,0,0,0.00,0.00,,,
249,,,,,0,0,0.00,0.00,,,
250,,,,,0,0,0.00,0.00,,,
251,,,,,0,0,0.00,0.00,,,
252,,,,,0,0,0.00,0.00,,,
253,,,,,0,0,0.00,0.00,,,
254,,,,,0,0,0.00,0.00,,,
255,,,,,0,0,0.00,0.00,,,
256,,,,,0,0,0.00,0.00,,,
257,,,,,0,0,0.00,0.00,,,
258,,,,,0,0,0.00,0.00,,,
259,,,,,0,0,0.00,0.00,,,
260,,,,,0,0,0.00,0.00,,,
261,,,,,0,0,0.00,0.00,,,
262,,,,,0,0,0.00,0.00,,,
263,,,,,0,0,0.00,0.00,,,
264,,,,,0,0,0.00,0.00,,,
265,,,,,0,0,0.00,0.00,,,
266,,,,,0,0,0.00,0.00,,,
267,,,,,0,0,0.00,0.00,,,
268,,,,,0,0,0.00,0.00,,,
269,,,,,0,0,0.00,0.00,,,
270,,,,,0,0,0.00,0.00,,,
271,,,,,0,0,0.00,0.00,,,
272,,,,,0,0,0.00,0.00,,,
273,,,,,0,0,0.00,0.00,,,
274,,,,,0,0,0.00,0.00,,,
275,,,,,0,0,0.00,0.00,,,
276,,,,,0,0,0.00,0.00,,,
277,,,,,0,0,0.00,0.00,,,
278,,,,,0,0,0.00,0.00,,,
279,,,,,0,0,0.00,0.00,,,
280,,,,,0,0,0.00,0.00,,,
281,,,,,0,0,0.00,0.00,,,
282,,,,,0,0,0.00,0.00,,,
283,,,,,0,0,0.00,0.00,,,
284,,,,,0,0,0.00,0.00,,,
285,,,,,0,0,0.00,0.00,,,
286,,,,,0,0,0.00,0.00,,,
287,,,,,0,0,0.00,0.00,,,
288,,,,,0,0,0.00,0.00,,,
289,,,,,0,0,0.00,0.00,,,
290,,,,,0,0,0.00,0.00,,,
291,,,,,0,0,0.00,0.00,,,
292,,,,,0,0,0.00,0.00,,,
293,,,,,0,0,0.00,0.00,,,
294,,,,,0,0,0.00,0.00,,,
295,,,,,0,0,0.00,0.00,,,
296,,,,,0,0,0.00,0.00,,,
297,,,,,0,0,0.00,0.00,,,
298,,,,,0,0,0.00,0.00,,,
299,,,,,0,0,0.00,0.00,,,
300,,,,,0,0,0.00,0.00,,,
301,,,,,0,0,0.00,0.00,,,
302,,,,,0,0,0.00,0.00,,,
303,,,,,0,0,0.00,0.00,,,
304,,,,,0,0,0.00,0.00,,,
305,,,,,0,0,0.00,0.00,,,
306,,,,,0,0,0.00,0.00,,,
307,,,,,0,0,0.00,0.00,,,
308,,,,,0,0,0.00,0.00,,,
309,,,,,0,0,0.00,0.00,,,
310,,,,,0,0,0.00,0.00,,,
311,,,,,0,0,0.00,0.00,,,
312,,,,,0,0,0.00,0.00,,,
313,,,,,0,0,0.00,0.00,,,
314,,,,,0,0,0.00,0.00,,,
315,,,,,0,0,0.00,0.00,,,
316,,,,,0,0,0.00,0.00,,,
317,,,,,0,0,0.00,0.00,,,
318,,,,,0,0,0.00,0.00,,,
319,,,,,0,0,0.00,0.00,,,
320,,,,,0,0,0.00,0.00,,,
321,,,,,0,0,0.00,0.00,,,
322,,,,,0,0,0.00,0.00,,,
323,,,,,0,0,0.00,0.00,,,
324,,,,,0,0,0.00,0.00,,,
325,,,,,0,0,0.00,0.00,,,
326,,,,,0,0,0.00,0.00,,,
327,,,,,0,0,0.00,0.00,,,
328,,,,,0,0,0.00,0.00,,,
329,,,,,0,0,0.00,0.00,,,
330,,,,,0,0,0.00,0.00,,,
331,,,,,0,0,0.00,0.00,,,
332,,,,,0,0,0.00,0.00,,,
333,,,,,0,0,0.00,0.00,,,
334,,,,,0,0,0.00,0.00,,,
335,,,,,0,0,0.00,0.00,,,
336,,,,,0,0,0.00,0.00,,,
337,,,,,0,0,0.00,0.00,,,
338,,,,,0,0,0.00,0.00,,,
339,,,,,0,0,0.00,0.00,,,
340,,,,,0,0,0.00,0.00,,,
341,,,,,0,0,0.00,0.00,,,
342,,,,,0,0,0.00,0.00,,,
343,,,,,0,0,0.00,0.00,,,
344,,,,,0,0,0.00,0.00,,,
345,,,,,0,0,0.00,0.00,,,
346,,,,,0,0,0.00,0.00,,,
347,,,,,0,0,0.00,0.00,,,
348,,,,,0,0,0.00,0.00,,,
349,,,,,0,0,0.00,0.00,,,
350,,,,,0,0,0.00,0.00,,,
351,,,,,0,0,0.00,0.00,,,
352,,,,,0,0,0.00,0.00,,,
353,,,,,0,0,0.00,0.00,,,
354,,,,,0,0,0.00,0.00,,,
355,,,,,0,0,0.00,0.00,,,
356,,,,,0,0,0.00,0.00,,,
357,,,,,0,0,0.00,0.00,,,
358,,,,,0,0,0.00,0.00,,,
359,,,,,0,0,0.00,0.00,,,
360,,,,,0,0,0.00,0.00,,,
361,,,,,0,0,0.00,0.00,,,
362,,,,,0,0,0.00,0.00,,,
363,,,,,0,0,0.00,0.00,,,
364,,,,,0,0,0.00,0.00,,,
365,,,,,0,0,0.00,0.00,,,
366,,,,,0,0,0.00,0.00,,,
367,,,,,0,0,0.00,0.00,,,
368,,,,,0,0,0.00,0.00,,,
369,,,,,0,0,0.00,0.00,,,
370,,,,,0,0,0.00,0.00,,,
371,,,,,0,0,0.00,0.00,,,
372,,,,,0,0,0.00,0.00,,,
373,,,,,0,0,0.00,0.00,,,
374,,,,,0,0,0.00,0.00,,,
375,,,,,0,0,0.00,0.00,,,
376,,,,,0,0,0.00,0.00,,,
377,,,,,0,0,0.00,0.00,,,
378,,,,,0,0,0.00,0.00,,,
379,,,,,0,0,0.00,0.00,,,
380,,,,,0,0,0.00,0.00,,,
381,,,,,0,0,0.00,0.00,,,
382,,,,,0,0,0.00,0.00,,,
383,,,,,0,0,0.00,0.00,,,
384,,,,,0,0,0.00,0.00,,,
385,,,,,0,0,0.00,0.00,,,
386,,,,,0,0,0.00,0.00,,,
387,,,,,0,0,0.00,0.00,,,
388,,,,,0,0,0.00,0.00,,,
389,,,,,0,0,0.00,0.00,,,
390,,,,,0,0,0.00,0.00,,,
391,,,,,0,0,0.00,0.00,,,
392,,,,,0,0,0.00,0.00,,,
393,,,,,0,0,0.00,0.00,,,
394,,,,,0,0,0.00,0.00,,,
395,,,,,0,0,0.00,0.00,,,
396,,,,,0,0,0.00,0.00,,,
397,,,,,0,0,0.00,0.00,,,
398,,,,,0,0,0.00,0.00,,,
399,,,,,0,0,0.00,0.00,,,
400,,,,,0,0,0.00,0.00,,,
401,,,,,0,0,0.00,0.00,,,
402,,,,,0,0,0.00,0.00,,,
403,,,,,0,0,0.00,0.00,,,
404,,,,,0,0,0.00,0.00,,,
405,,,,,0,0,0.00,0.00,,,
406,,,,,0,0,0.00,0.00,,,
407,,,,,0,0,0.00,0.00,,,
408,,,,,0,0,0.00,0.00,,,
409,,,,,0,0,0.00,0.00,,,
410,,,,,0,0,0.00,0.00,,,
411,,,,,0,0,0.00,0.00,,,
412,,,,,0,0,0.00,0.00,,,
413,,,,,0,0,0.00,0.00,,,
414,,,,,0,0,0.00,0.00,,,
415,,,,,0,0,0.00,0.00,,,
416,,,,,0,0,0.00,0.00,,,
417,,,,,0,0,0.00,0.00,,,
418,,,,,0,0,0.00,0.00,,,
419,,,,,0,0,0.00,0.00,,,
420,,,,,0,0,0.00,0.00,,,
421,,,,,0,0,0.00,0.00,,,
422,,,,,0,0,0.00,0.00,,,
423,,,,,0,0,0.00,0.00,,,
424,,,,,0,0,0.00,0.00,,,
425,,,,,0,0,0.00,0.00,,,
426,,,,,0,0,0.00,0.00,,,
427,,,,,0,0,0.00,0.00,,,
428,,,,,0,0,0.00,0.00,,,
429,,,,,0,0,0.00,0.00,,,
430,,,,,0,0,0.00,0.00,,,
431,,,,,0,0,0.00,0.00,,,
432,,,,,0,0,0.00,0.00,,,
433,,,,,0,0,0.00,0.00,,,
434,,,,,0,0,0.00,0.00,,,
435,,,,,0,0,0.00,0.00,,,
436,,,,,0,0,0.00,0.00,,,
437,,,,,0,0,0.00,0.00,,,
438,,,,,0,0,0.00,0.00,,,
439,,,,,0,0,0.00,0.00,,,
440,,,,,0,0,0.00,0.00,,,
441,,,,,0,0,0.00,0.00,,,
442,,,,,0,0,0.00,0.00,,,
443,,,,,0,0,0.00,0.00,,,
444,,,,,0,0,0.00,0.00,,,
445,,,,,0,0,0.00,0.00,,,
446,,,,,0,0,0.00,0.00,,,
447,,,,,0,0,0.00,0.00,,,
448,,,,,0,0,0.00,0.00,,,
449,,,,,0,0,0.00,0.00,,,
450,,,,,0,0,0.00,0.00,,,
451,,,,,0,0,0.00,0.00,,,
452,,,,,0,0,0.00,0.00,,,
453,,,,,0,0,0.00,0.00,,,
454,,,,,0,0,0.00,0.00,,,
455,,,,,0,0,0.00,0.00,,,
456,,,,,0,0,0.00,0.00,,,
457,,,,,0,0,0.00,0.00,,,
458,,,,,0,0,0.00,0.00,,,
459,,,,,0,0,0.00,0.00,,,
460,,,,,0,0,0.00,0.00,,,
461,,,,,0,0,0.00,0.00,,,
462,,,,,0,0,0.00,0.00,,,
463,,,,,0,0,0.00,0.00,,,
464,,,,,0,0,0.00,0.00,,,
465,,,,,0,0,0.00,0.00,,,
466,,,,,0,0,0.00,0.00,,,
467,,,,,0,0,0.00,0.00,,,
468,,,,,0,0,0.00,0.00,,,
469,,,,,0,0,0.00,0.00,,,
470,,,,,0,0,0.00,0.00,,,
471,,,,,0,0,0.00,0.00,,,
472,,,,,0,0,0.00,0.00,,,
473,,,,,0,0,0.00,0.00,,,
474,,,,,0,0,0.00,0.00,,,
475,,,,,0,0,0.00,0.00,,,
476,,,,,0,0,0.00,0.00,,,
477,,,,,0,0,0.00,0.00,,,
478,,,,,0,0,0.00,0.00,,,
479,,,,,0,0,0.00,0.00,,,
480,,,,,0,0,0.00,0.00,,,
481,,,,,0,0,0.00,0.00,,,
482,,,,,0,0,0.00,0.00,,,
483,,,,,0,0,0.00,0.00,,,
484,,,,,0,0,0.00,0.00,,,
485,,,,,0,0,0.00,0.00,,,
486,,,,,0,0,0.00,0.00,,,
487,,,,,0,0,0.00,0.00,,,
488,,,,,0,0,0.00,0.00,,,
489,,,,,0,0,0.00,0.00,,,
490,,,,,0,0,0.00,0.00,,,
491,,,,,0,0,0.00,0.00,,,
492,,,,,0,0,0.00,0.00,,,
493,,,,,0,0,0.00,0.00,,,
494,,,,,0,0,0.00,0.00,,,
495,,,,,0,0,0.00,0.00,,,
496,,,,,0,0,0.00,0.00,,,
497,,,,,0,0,0.00,0.00,,,
498,,,,,0,0,0.00,0.00,,,
499,,,,,0,0,0.00,0.00,,,
500,,,,,0,0,0.00,0.00,,,
501,,,,,0,0,0.00,0.00,,,
502,,,,,0,0,0.00,0.00,,,
503,,,,,0,0,0.00,0.00,,,
504,,,,,0,0,0.00,0.00,,,
505,,,,,0,0,0.00,0.00,,,
506,,,,,0,0,0.00,0.00,,,
507,,,,,0,0,0.00,0.00,,,
508,,,,,0,0,0.00,0.00,,,
509,,,,,0,0,0.00,0.00,,,
510,,,,,0,0,0.00,0.00,,,
511,,,,,0,0,0.00,0.00,,,
512,,,,,0,0,0.00,0.00,,,
513,,,,,0,0,0.00,0.00,,,
514,,,,,0,0,0.00,0.00,,,
515,,,,,0,0,0.00,0.00,,,
516,,,,,0,0,0.00,0.00,,,
517,,,,,0,0,0.00,0.00,,,
518,,,,,0,0,0.00,0.00,,,
519,,,,,0,0,0.00,0.00,,,
520,,,,,0,0,0.00,0.00,,,
521,,,,,0,0,0.00,0.00,,,
522,,,,,0,0,0.00,0.00,,,
523,,,,,0,0,0.00,0.00,,,
524,,,,,0,0,0.00,0.00,,,
525,,,,,0,0,0.00,0.00,,,
526,,,,,0,0,0.00,0.00,,,
527,,,,,0,0,0.00,0.00,,,
528,,,,,0,0,0.00,0.00,,,
529,,,,,0,0,0.00,0.00,,,
530,,,,,0,0,0.00,0.00,,,
531,,,,,0,0,0.00,0.00,,,
532,,,,,0,0,0.00,0.00,,,
533,,,,,0,0,0.00,0.00,,,
534,,,,,0,0,0.00,0.00,,,
535,,,,,0,0,0.00,0.00,,,
536,,,,,0,0,0.00,0.00,,,
537,,,,,0,0,0.00,0.00,,,
538,,,,,0,0,0.00,0.00,,,
539,,,,,0,0,0.00,0.00,,,
540,,,,,0,0,0.00,0.00,,,
541,,,,,0,0,0.00,0.00,,,
542,,,,,0,0,0.00,0.00,,,
543,,,,,0,0,0.00,0.00,,,
544,,,,,0,0,0.00,0.00,,,
545,,,,,0,0,0.00,0.00,,,
546,,,,,0,0,0.00,0.00,,,
547,,,,,0,0,0.00,0.00,,,
548,,,,,0,0,0.00,0.00,,,
549,,,,,0,0,0.00,0.00,,,
550,,,,,0,0,0.00,0.00,,,
551,,,,,0,0,0.00,0.00,,,
552,,,,,0,0,0.00,0.00,,,
553,,,,,0,0,0.00,0.00,,,
554,,,,,0,0,0.00,0.00,,,
555,,,,,0,0,0.00,0.00,,,
556,,,,,0,0,0.00,0.00,,,
557,,,,,0,0,0.00,0.00,,,
558,,,,,0,0,0.00,0.00,,,
559,,,,,0,0,0.00,0.00,,,
560,,,,,0,0,0.00,0.00,,,
561,,,,,0,0,0.00,0.00,,,
562,,,,,0,0,0.00,0.00,,,
563,,,,,0,0,0.00,0.00,,,
564,,,,,0,0,0.00,0.00,,,
565,,,,,0,0,0.00,0.00,,,
566,,,,,0,0,0.00,0.00,,,
567,,,,,0,0,0.00,0.00,,,
568,,,,,0,0,0.00,0.00,,,
569,,,,,0,0,0.00,0.00,,,
570,,,,,0,0,0.00,0.00,,,
571,,,,,0,0,0.00,0.00,,,
572,,,,,0,0,0.00,0.00,,,
573,,,,,0,0,0.00,0.00,,,
574,,,,,0,0,0.00,0.00,,,
575,,,,,0,0,0.00,0.00,,,
576,,,,,0,0,0.00,0.00,,,
577,,,,,0,0,0.00,0.00,,,
578,,,,,0,0,0.00,0.00,,,
579,,,,,0,0,0.00,0.00,,,
580,,,,,0,0,0.00,0.00,,,
581,,,,,0,0,0.00,0.00,,,
582,,,,,0,0,0.00,0.00,,,
583,,,,,0,0,0.00,0.00,,,
584,,,,,0,0,0.00,0.00,,,
585,,,,,0,0,0.00,0.00,,,
586,,,,,0,0,0.00,0.00,,,
587,,,,,0,0,0.00,0.00,,,
588,,,,,0,0,0.00,0.00,,,
589,,,,,0,0,0.00,0.00,,,
590,,,,,0,0,0.00,0.00,,,
591,,,,,0,0,0.00,0.00,,,
592,,,,,0,0,0.00,0.00,,,
593,,,,,0,0,0.00,0.00,,,
594,,,,,0,0,0.00,0.00,,,
595,,,,,0,0,0.00,0.00,,,
596,,,,,0,0,0.00,0.00,,,
597,,,,,0,0,0.00,0.00,,,
598,,,,,0,0,0.00,0.00,,,
599,,,,,0,0,0.00,0.00,,,
600,,,,,0,0,0.00,0.00,,,
601,,,,,0,0,0.00,0.00,,,
602,,,,,0,0,0.00,0.00,,,
603,,,,,0,0,0.00,0.00,,,
604,,,,,0,0,0.00,0.00,,,
605,,,,,0,0,0.00,0.00,,,
606,,,,,0,0,0.00,0.00,,,
607,,,,,0,0,0.00,0.00,,,
608,,,,,0,0,0.00,0.00,,,
609,,,,,0,0,0.00,0.00,,,
610,,,,,0,0,0.00,0.00,,,
611,,,,,0,0,0.00,0.00,,,
612,,,,,0,0,0.00,0.00,,,
613,,,,,0,0,0.00,0.00,,,
614,,,,,0,0,0.00,0.00,,,
615,,,,,0,0,0.00,0.00,,,
616,,,,,0,0,0.00,0.00,,,
617,,,,,0,0,0.00,0.00,,,
618,,,,,0,0,0.00,0.00,,,
619,,,,,0,0,0.00,0.00,,,
620,,,,,0,0,0.00,0.00,,,
621,,,,,0,0,0.00,0.00,,,
622,,,,,0,0,0.00,0.00,,,
623,,,,,0,0,0.00,0.00,,,
624,,,,,0,0,0.00,0.00,,,
625,,,,,0,0,0.00,0.00,,,
626,,,,,0,0,0.00,0.00,,,
627,,,,,0,0,0.00,0.00,,,
628,,,,,0,0,0.00,0.00,,,
629,,,,,0,0,0.00,0.00,,,
630,,,,,0,0,0.00,0.00,,,
631,,,,,0,0,0.00,0.00,,,
632,,,,,0,0,0.00,0.00,,,
633,,,,,0,0,0.00,0.00,,,
634,,,,,0,0,0.00,0.00,,,
635,,,,,0,0,0.00,0.00,,,
636,,,,,0,0,0.00,0.00,,,
637,,,,,0,0,0.00,0.00,,,
638,,,,,0,0,0.00,0.00,,,
639,,,,,0,0,0.00,0.00,,,
640,,,,,0,0,0.00,0.00,,,
641,,,,,0,0,0.00,0.00,,,
642,,,,,0,0,0.00,0.00,,,
643,,,,,0,0,0.00,0.00,,,
644,,,,,0,0,0.00,0.00,,,
645,,,,,0,0,0.00,0.00,,,
646,,,,,0,0,0.00,0.00,,,
647,,,,,0,0,0.00,0.00,,,
648,,,,,0,0,0.00,0.00,,,
649,,,,,0,0,0.00,0.00,,,
650,,,,,0,0,0.00,0.00,,,
651,,,,,0,0,0.00,0.00,,,
652,,,,,0,0,0.00,0.00,,,
653,,,,,0,0,0.00,0.00,,,
654,,,,,0,0,0.00,0.00,,,
655,,,,,0,0,0.00,0.00,,,
656,,,,,0,0,0.00,0.00,,,
657,,,,,0,0,0.00,0.00,,,
658,,,,,0,0,0.00,0.00,,,
659,,,,,0,0,0.00,0.00,,,
660,,,,,0,0,0.00,0.00,,,
661,,,,,0,0,0.00,0.00,,,
662,,,,,0,0,0.00,0.00,,,
663,,,,,0,0,0.00,0.00,,,
664,,,,,0,0,0.00,0.00,,,
665,,,,,0,0,0.00,0.00,,,
666,,,,,0,0,0.00,0.00,,,
667,,,,,0,0,0.00,0.00,,,
668,,,,,0,0,0.00,0.00,,,
669,,,,,0,0,0.00,0.00,,,
670,,,,,0,0,0.00,0.00,,,
671,,,,,0,0,0.00,0.00,,,
672,,,,,0,0,0.00,0.00,,,
673,,,,,0,0,0.00,0.00,,,
674,,,,,0,0,0.00,0.00,,,
675,,,,,0,0,0.00,0.00,,,
676,,,,,0,0,0.00,0.00,,,
677,,,,,0,0,0.00,0.00,,,
678,,,,,0,0,0.00,0.00,,,
679,,,,,0,0,0.00,0.00,,,
680,,,,,0,0,0.00,0.00,,,
681,,,,,0,0,0.00,0.00,,,
682,,,,,0,0,0.00,0.00,,,
683,,,,,0,0,0.00,0.00,,,
684,,,,,0,0,0.00,0.00,,,
685,,,,,0,0,0.00,0.00,,,
686,,,,,0,0,0.00,0.00,,,
687,,,,,0,0,0.00,0.00,,,
688,,,,,0,0,0.00,0.00,,,
689,,,,,0,0,0.00,0.00,,,
690,,,,,0,0,0.00,0.00,,,
691,,,,,0,0,0.00,0.00,,,
692,,,,,0,0,0.00,0.00,,,
693,,,,,0,0,0.00,0.00,,,
694,,,,,0,0,0.00,0.00,,,
695,,,,,0,0,0.00,0.00,,,
696,,,,,0,0,0.00,0.00,,,
697,,,,,0,0,0.00,0.00,,,
698,,,,,0,0,0.00,0.00,,,
699,,,,,0,0,0.00,0.00,,,
700,,,,,0,0,0.00,0.00,,,
701,,,,,0,0,0.00,0.00,,,
702,,,,,0,0,0.00,0.00,,,
703,,,,,0,0,0.00,0.00,,,
704,,,,,0,0,0.00,0.00,,,
705,,,,,0,0,0.00,0.00,,,
706,,,,,0,0,0.00,0.00,,,
707,,,,,0,0,0.00,0.00,,,
708,,,,,0,0,0.00,0.00,,,
709,,,,,0,0,0.00,0.00,,,
710,,,,,0,0,0.00,0.00,,,
711,,,,,0,0,0.00,0.00,,,
712,,,,,0,0,0.00,0.00,,,
713,,,,,0,0,0.00,0.00,,,
714,,,,,0,0,0.00,0.00,,,
715,,,,,0,0,0.00,0.00,,,
716,,,,,0,0,0.00,0.00,,,
717,,,,,0,0,0.00,0.00,,,
718,,,,,0,0,0.00,0.00,,,
719,,,,,0,0,0.00,0.00,,,
720,,,,,0,0,0.00,0.00,,,
721,,,,,0,0,0.00,0.00,,,
722,,,,,0,0,0.00,0.00,,,
723,,,,,0,0,0.00,0.00,,,
724,,,,,0,0,0.00,0.00,,,
725,,,,,0,0,0.00,0.00,,,
726,,,,,0,0,0.00,0.00,,,
727,,,,,0,0,0.00,0.00,,,
728,,,,,0,0,0.00,0.00,,,
729,,,,,0,0,0.00,0.00,,,
730,,,,,0,0,0.00,0.00,,,
731,,,,,0,0,0.00,0.00,,,
732,,,,,0,0,0.00,0.00,,,
733,,,,,0,0,0.00,0.00,,,
734,,,,,0,0,0.00,0.00,,,
735,,,,,0,0,0.00,0.00,,,
736,,,,,0,0,0.00,0.00,,,
737,,,,,0,0,0.00,0.00,,,
738,,,,,0,0,0.00,0.00,,,
739,,,,,0,0,0.00,0.00,,,
740,,,,,0,0,0.00,0.00,,,
741,,,,,0,0,0.00,0.00,,,
742,,,,,0,0,0.00,0.00,,,
743,,,,,0,0,0.00,0.00,,,
744,,,,,0,0,0.00,0.00,,,
745,,,,,0,0,0.00,0.00,,,
746,,,,,0,0,0.00,0.00,,,
747,,,,,0,0,0.00,0.00,,,
748,,,,,0,0,0.00,0.00,,,
749,,,,,0,0,0.00,0.00,,,
750,,,,,0,0,0.00,0.00,,,
751,,,,,0,0,0.00,0.00,,,
,,,,,0,0,0,0,,,
,,,,,0,0,0,0,,,
,,,,,0,0,0,0,,,
,,,,,0,0,0,0,,,
,,,,,0,0,0,0,,,
,,,,,0,0,0,0,,,
,,,,,0,0,0,0,,,
,,,,,0,0,0,0,,,
,,,,,0,0,0,0,,,
,,,,,0,0,0,0,,,
,,,,,0,0,0,0,,,
,,,,,0,0,0,0,,,
,,,,,0,0,0,0,,,
,,,,,0,0,0,0,,,
,,,,,0,0,0,0,,,
,,,,,0,0,0,0,,,
,,,,,0,0,0,,,,
,,,,,0,0,0,,,,
,,,,,0,0,0,,,,
,,,,,0,0,0,,,,
,,,,,0,0,0,,,,
,,,,,0,0,0,,,,
,,,,,0,0,0,,,,
,,,,,0,0,0,,,,
,,,,,0,0,0,,,,
,,,,,0,0,0,,,,
,,,,,0,0,0,,,,
,,,,,0,0,0,,,,
,,,,,0,0,0,,,,
,,,,,0,0,0,,,,
,,,,,0,0,0,,,,
,,,,,0,0,0,,,,
,,,,,0,0,0,,,,
,,,,,0,0,0,,,,
,,,,,0,0,0,,,,
,,,,,0,0,0,,,,
,,,,,0,0,0,,,,
,,,,,0,0,0,,,,
,,,,,0,0,0,,,,
,,,,,0,0,0,,,,
,,,,,0,0,0,,,,
,,,,,0,0,0,,,,
,,,,,0,0,0,,,,
,,,,,0,0,0,,,,
,,,,,0,0,0,,,,
,,,,,0,0,0,,,,
,,,,,0,0,0,,,,
,,,,,0,0,0,,,,
,,,,,0,0,0,,,,
,,,,,0,0,0,,,,
,,,,,0,0,0,,,,
,,,,,0,0,0,,,,
,,,,,0,0,0,,,,
,,,,,0,0,0,,,,
,,,,,0,0,0,,,,
,,,,,0,0,0,,,,
,,,,,0,0,0,,,,
,,,,,0,0,0,,,,
,,,,,0,0,0,,,,
,,,,,0,0,0,,,,
,,,,,0,0,0,,,,
,,,,,0,0,0,,,,
,,,,,0,0,0,,,,
,,,,,0,0,0,,,,
,,,,,0,0,0,,,,
,,,,,0,0,0,,,,
,,,,,0,0,0,,,,
,,,,,0,0,0,,,,
,,,,,0,0,0,,,,
,,,,,0,0,0,,,,
,,,,,0,0,0,,,,
,,,,,0,0,0,,,,
,,,,,0,0,0,0,,,
,,,,,0,0,0,0,,,
,,,,,0,0,0,0,,,
,,,,,0,0,0,0,,,
,,,,,0,0,0,0,,,
,,,,,0,0,0,0,,,
,,,,,0,0,0,0,,,
,,,,,0,0,0,0,,,
,,,,,0,0,0,0,,,
,,,,,0,0,0,0,,,
,,,,,0,0,0,0,,,
,,,,,0,0,0,0,,,
,,,,,0,0,0,0,,,
,,,,,0,0,0,0,,,
,,,,,0,0,0,0,,,
,,,,,0,0,0,0,,,
,,,,,0,0,0,0,,,
,,,,,0,0,0,0,,,
,,,,,0,0,0,0,,,
,,,,,0,0,0,0,,,
,,,,,0,0,0,0,,,
,,,,,0,0,0,0,,,
,,,,,0,0,0,0,,,
,,,,,0,0,0,0,,,
,,,,,0,0,0,0,,,
,,,,,0,0,0,0,,,
,,,,,0,0,0,0,,,
,,,,,0,0,0,0,,,
,,,,,0,0,0,0,,,
,,,,,0,0,0,0,,,
,,,,,0,0,0,0,,,
,,,,,0,0,0,0,,,
,,,,,0,0,0,0,,,
,,,,,0,0,0,0,,,
,,,,,0,0,0,0,,,
,,,,,0,0,0,0,,,
,,,,,0,0,0,0,,,
,,,,,0,0,0,0,,,
,,,,,0,0,0,0,,,
,,,,,0,0,0,0,,,
,,,,,0,0,0,0,,,
,,,,,0,0,0,0,,,
,,,,,0,0,0,0,,,
,,,,,0,0,0,0,,,
,,,,,0,0,0,0,,,
,,,,,0,0,0,0,,,
,,,,,0,0,0,0,,,
,,,,,0,0,0,0,,,
,,,,,0,0,0,0,,,
,,,,,0,0,0,0,,,
,,,,,0,0,0,0,,,
,,,,,0,0,0,0,,,
,,,,,0,0,0,0,,,
,,,,,0,0,0,0,,,
,,,,,0,0,0,0,,,
,,,,,0,0,0,0,,,
,,,,,0,0,0,0,,,
,,,,,0,0,0,0,,,
,,,,,0,0,0,0,,,
,,,,,0,0,0,0,,,
,,,,,0,0,0,0,,,
,,,,,0,0,0,0,,,
,,,,,0,0,0,0,,,
,,,,,0,0,0,0,,,
,,,,,0,0,0,0,,,
,,,,,0,0,0,0,,,
,,,,,0,0,0,0,,,
,,,,,0,0,0,0,,,
,,,,,0,0,0,0,,,
,,,,,0,0,0,0,,,
,,,,,0,0,0,0,,,
,,,,,0,0,0,0,,,
,,,,,0,0,0,0,,,
,,,,,0,0,0,0,,,
,,,,,0,0,0,0,,,
,,,,,0,0,0,0,,,
,,,,,0,0,0,0,,,
,,,,,0,0,0,0,,,
,,,,,0,0,0,0,,,
,,,,,0,0,0,0,,,
,,,,,0,0,0,0,,,
,,,,,0,0,0,0,,,
,,,,,0,0,0,0,,,
,,,,,0,0,0,0,,,
,,,,,0,0,0,0,,,
,,,,,0,0,0,0,,,
,,,,,0,0,0,0,,,
,,,,,0,0,0,0,,,
,,,,,0,0,0,0,,,
,,,,,0,0,0,0,,,
,,,,,0,0,0,0,,,
,,,,,0,0,0,0,,,
,,,,,0,0,0,0,,,
,,,,,0,0,0,0,,,
,,,,,0,0,0,0,,,
,,,,,0,0,0,0,,,
,,,,,0,0,0,0,,,
,,,,,0,0,0,0,,,
,,,,,0,0,0,0,,,
,,,,,0,0,0,0,,,
,,,,,0,0,0,0,,,
,,,,,0,0,0,0,,,
,,,,,0,0,0,0,,,
,,,,,0,0,0,0,,,
,,,,,0,0,0,0,,,
,,,,,0,0,0,0,,,
,,,,,0,0,0,0,,,
,,,,,0,0,0,0,,,
,,,,,0,0,0,0,,,
,,,,,0,0,0,0,,,
,,,,,0,0,0,0,,,
,,,,,0,0,0,0,,,
,,,,,0,0,0,0,,,
,,,,,0,0,0,0,,,
,,,,,0,0,0,0,,,
,,,,,0,0,0,0,,,
,,,,,0,0,0,0,,,
,,,,,0,0,0,0,,,
,,,,,0,0,0,0,,,
,,,,,0,0,0,0,,,
,,,,,0,0,0,0,,,
,,,,,0,0,0,0,,,
,,,,,0,0,0,0,,,
,,,,,0,0,0,0,,,
,,,,,0,0,0,0,,,
,,,,,0,0,0,0,,,
,,,,,0,0,0,0,,,
,,,,,0,0,0,0,,,
,,,,,0,0,0,0,,,
,,,,,0,0,0,0,,,
,,,,,0,0,0,0,,,
,,,,,0,0,0,0,,,
,,,,,0,0,0,0,,,
,,,,,0,0,0,0,,,
,,,,,0,0,0,0,,,
,,,,,0,0,0,0,,,
,,,,,0,0,0,0,,,
,,,,,0,0,0,0,,,
,,,,,0,0,0,0,,,
,,,,,0,0,0,0,,,
,,,,,0,0,0,0,,,
,,,,,0,0,0,0,,,
,,,,,0,0,0,0,,,
,,,,,0,0,0,0,,,
,,,,,0,0,0,0,,,
,,,,,0,0,0,0,,,
,,,,,0,0,0,0,,,
,,,,,0,0,0,0,,,
,,,,,0,0,0,0,,,
,,,,,0,0,0,0,,,
,,,,,0,0,0,0,,,
,,,,,0,0,0,0,,,
,,,,,0,0,0,0,,,
,,,,,0,0,0,0,,,
,,,,,0,0,0,0,,,
,,,,,0,0,0,0,,,
,,,,,0,0,0,0,,,
,,,,,0,0,0,0,,,
,,,,,0,0,0,0,,,
,,,,,0,0,0,0,,,
,,,,,0,0,0,0,,,
,,,,,0,0,0,0,,,
,,,,,0,0,0,0,,,
,,,,,0,0,0,0,,,
,,,,,0,0,0,0,,,
,,,,,0,0,0,0,,,
,,,,,0,0,0,0,,,
,,,,,0,0,0,0,,,
,,,,,0,0,0,0,,,
,,,,,0,0,0,0,,,
,,,,,0,0,0,0,,,
,,,,,0,0,0,0,,,
,,,,,0,0,0,0,,,
,,,,,0,0,0,0,,,
,,,,,0,0,0,0,,,
,,,,,0,0,0,0,,,
,,,,,0,0,0,0,,,
,,,,,0,0,0,0,,,
,,,,,0,0,0,0,,,
,,,,,0,0,0,0,,,
,,,,,0,0,0,0,,,
,,,,,0,0,0,0,,,
,,,,,0,0,0,0,,,
,,,,,0,0,0,0,,,
,,,,,0,0,0,0,,,
,,,,,0,0,0,0,,,
,,,,,0,0,0,0,,,
,,,,,0,0,0,0,,,
,,,,,0,0,0,0,,,
,,,,,0,0,0,0,,,
,,,,,0,0,0,0,,,
,,,,,0,0,0,0,,,
,,,,,0,0,0,0,,,
,,,,,0,0,0,0,,,
,,,,,0,0,0,0,,,
,,,,,0,0,0,0,,,
,,,,,0,0,0,0,,,
,,,,,0,0,0,0,,,
,,,,,0,0,0,0,,,
,,,,,0,0,0,0,,,
,,,,,0,0,0,0,,,
,,,,,0,0,0,0,,,
,,,,,0,0,0,0,,,
,,,,,0,0,0,0,,,
,,,,,0,0,0,0,,,
,,,,,0,0,0,0,,,
,,,,,0,0,0,0,,,
,,,,,0,0,0,0,,,
,,,,,0,0,0,0,,,
,,,,,0,0,0,0,,,
,,,,,0,0,0,0,,,
,,,,,0,0,0,0,,,
,,,,,0,0,0,0,,,
,,,,,0,0,0,0,,,
,,,,,0,0,0,0,,,
,,,,,0,0,0,0,,,
,,,,,0,0,0,0,,,
,,,,,0,0,0,0,,,
,,,,,0,0,0,0,,,
,,,,,0,0,0,0,,,
,,,,,0,0,0,0,,,
,,,,,0,0,0,0,,,
,,,,,0,0,0,0,,,
,,,,,0,0,0,0,,,
,,,,,0,0,0,0,,,
,,,,,0,0,0,0,,,
,,,,,0,0,0,0,,,
,,,,,0,0,0,0,,,
,,,,,0,0,0,0,,,
,,,,,0,0,0,0,,,
,,,,,0,0,0,0,,,
,,,,,0,0,0,0,,,
,,,,,0,0,0,0,,,
,,,,,0,0,0,0,,,
,,,,,0,0,0,0,,,
,,,,,0,0,0,0,,,
,,,,,0,0,0,0,,,
,,,,,0,0,0,0,,,
,,,,,0,0,0,0,,,
,,,,,0,0,0,0,,,
,,,,,0,0,0,0,,,
,,,,,0,0,0,0,,,
,,,,,0,0,0,0,,,
,,,,,0,0,0,0,,,
,,,,,0,0,0,0,,,
,,,,,0,0,0,0,,,
,,,,,0,0,0,0,,,
,,,,,0,0,0,0,,,
,,,,,0,0,0,0,,,
,,,,,0,0,0,0,,,
,,,,,0,0,0,0,,,
,,,,,0,0,0,0,,,
,,,,,0,0,0,0,,,
,,,,,0,0,0,0,,,
,,,,,0,0,0,0,,,
,,,,,0,0,0,0,,,
,,,,,0,0,0,0,,,
,,,,,0,0,0,0,,,
,,,,,0,0,0,0,,,
,,,,,0,0,0,0,,,
,,,,,0,0,0,0,,,
,,,,,0,0,0,0,,,
,,,,,0,0,0,0,,,
,,,,,0,0,0,0,,,
,,,,,0,0,0,0,,,
,,,,,0,0,0,0,,,
,,,,,0,0,0,0,,,
,,,,,0,0,0,0,,,
,,,,,0,0,0,0,,,
,,,,,0,0,0,0,,,
,,,,,0,0,0,0,,,
,,,,,0,0,0,0,,,
,,,,,0,0,0,0,,,
,,,,,0,0,0,0,,,
,,,,,0,0,0,0,,,
,,,,,0,0,0,0,,,
,,,,,0,0,0,0,,,
,,,,,0,0,0,0,,,
,,,,,0,0,0,0,,,
,,,,,0,0,0,0,,,
,,,,,0,0,0,0,,,
,,,,,0,0,0,0,,,
,,,,,0,0,0,0,,,
,,,,,0,0,0,0,,,
,,,,,0,0,0,0,,,
,,,,,0,0,0,0,,,
,,,,,0,0,0,0,,,
,,,,,0,0,0,0,,,
,,,,,0,0,0,0,,,
,,,,,0,0,0,0,,,
,,,,,0,0,0,0,,,
,,,,,0,0,0,0,,,
,,,,,0,0,0,0,,,
,,,,,0,0,0,0,,,
,,,,,0,0,0,0,,,
,,,,,0,0,0,0,,,
,,,,,0,0,0,0,,,
,,,,,0,0,0,0,,,
,,,,,0,0,0,0,,,
,,,,,0,0,0,0,,,
,,,,,0,0,0,0,,,
,,,,,0,0,0,0,,,
,,,,,0,0,0,0,,,
,,,,,0,0,0,0,,,
,,,,,0,0,0,0,,,
,,,,,0,0,0,0,,,
,,,,,0,0,0,0,,,
,,,,,0,0,0,0,,,
,,,,,0,0,0,0,,,
,,,,,0,0,0,0,,,
,,,,,0,0,0,0,,,
,,,,,0,0,0,0,,,
,,,,,0,0,0,0,,,
,,,,,0,0,0,0,,,
,,,,,,,,,,,
,,,,,,,,,,,
,,,,,,,,,,,
,,,,,,,,,,,
,,,,,,,,,,,
,,,,,,,,,,,
,,,,,,,,,,,
,,,,,,,,,,,
,,,,,,,,,,,
,,,,,,,,,,,
,,,,,,,,,,,
,,,,,,,,,,,
,,,,,,,,,,,
,,,,,,,,,,,
,,,,,,,,,,,
,,,,,,,,,,,
,,,,,,,,,,,
,,,,,,,,,,,
,,,,,,,,,,,
,,,,,,,,,,,
,,,,,,,,,,,
,,,,,,,,,,,
,,,,,,,,,,,
,,,,,,,,,,,
,,,,,,,,,,,
,,,,,,,,,,,
,,,,,,,,,,,
,,,,,,,,,,,
,,,,,,,,,,,
,,,,,,,,,,,
,,,,,,,,,,,
,,,,,,,,,,,
,,,,,,,,,,,
,,,,,,,,,,,
,,,,,,,,,,,
,,,,,,,,,,,
,,,,,,,,,,,
,,,,,,,,,,,
,,,,,,,,,,,
,,,,,,,,,,,
,,,,,,,,,,,
,,,,,,,,,,,
,,,,,,,,,,,
,,,,,,,,,,,
,,,,,,,,,,,
,,,,,,,,,,,
,,,,,,,,,,,
,,,,,,,,,,,
,,,,,,,,,,,
,,,,,,,,,,,
,,,,,,,,,,,
,,,,,,,,,,,
,,,,,,,,,,,
,,,,,,,,,,,
,,,,,,,,,,,
,,,,,,,,,,,
,,,,,,,,,,,
,,,,,,,,,,,
,,,,,,,,,,,
,,,,,,,,,,,
,,,,,,,,,,,
,,,,,,,,,,,
,,,,,,,,,,,
,,,,,,,,,,,
,,,,,,,,,,,
,,,,,,,,,,,
,,,,,,,,,,,
,,,,,,,,,,,
,,,,,,,,,,,
,,,,,,,,,,,
,,,,,,,,,,,
,,,,,,,,,,,
,,,,,,,,,,,
,,,,,,,,,,,
,,,,,,,,,,,
,,,,,,,,,,,
,,,,,,,,,,,
,,,,,,,,,,,
,,,,,,,,,,,
,,,,,,,,,,,
,,,,,,,,,,,
,,,,,,,,,,,
,,,,,,,,,,,
,,,,,,,,,,,
,,,,,,,,,,,
,,,,,,,,,,,
,,,,,,,,,,,
,,,,,,,,,,,
,,,,,,,,,,,
,,,,,,,,,,,
,,,,,,,,,,,
,,,,,,,,,,,
,,,,,,,,,,,
,,,,,,,,,,,
,,,,,,,,,,,
,,,,,,,,,,,
,,,,,,,,,,,
,,,,,,,,,,,
,,,,,,,,,,,
,,,,,,,,,,,
,,,,,,,,,,,
,,,,,,,,,,,
,,,,,,,,,,,
,,,,,,,,,,,
,,,,,,,,,,,
,,,,,,,,,,,
,,,,,,,,,,,
,,,,,,,,,,,
,,,,,,,,,,,
,,,,,,,,,,,
,,,,,,,,,,,
,,,,,,,,,,,
,,,,,,,,,,,
,,,,,,,,,,,
,,,,,,,,,,,
,,,,,,,,,,,
,,,,,,,,,,,
,,,,,,,,,,,
,,,,,,,,,,,
,,,,,,,,,,,
,,,,,,,,,,,
,,,,,,,,,,,
,,,,,,,,,,,
,,,,,,,,,,,
,,,,,,,,,,,
,,,,,,,,,,,
,,,,,,,,,,,
,,,,,,,,,,,
,,,,,,,,,,,
,,,,,,,,,,,
,,,,,,,,,,,
,,,,,,,,,,,
,,,,,,,,,,,
,,,,,,,,,,,
,,,,,,,,,,,
,,,,,,,,,,,
,,,,,,,,,,,
,,,,,,,,,,,
,,,,,,,,,,,
,,,,,,,,,,,
,,,,,,,,,,,
,,,,,,,,,,,
,,,,,,,,,,,
,,,,,,,,,,,
,,,,,,,,,,,
,,,,,,,,,,,
,,,,,,,,,,,
,,,,,,,,,,,
,,,,,,,,,,,
,,,,,,,,,,,
,,,,,,,,,,,
,,,,,,,,,,,
,,,,,,,,,,,
,,,,,,,,,,,
,,,,,,,,,,,
,,,,,,,,,,,
,,,,,,,,,,,
,,,,,,,,,,,
,,,,,,,,,,,
,,,,,,,,,,,
,,,,,,,,,,,
,,,,,,,,,,,
,,,,,,,,,,,
,,,,,,,,,,,
,,,,,,,,,,,
,,,,,,,,,,,
,,,,,,,,,,,
,,,,,,,,,,,
,,,,,,,,,,,
,,,,,,,,,,,
,,,,,,,,,,,
,,,,,,,,,,,
,,,,,,,,,,,
,,,,,,,,,,,
,,,,,,,,,,,
,,,,,,,,,,,
,,,,,,,,,,,
,,,,,,,,,,,
,,,,,,,,,,,
,,,,,,,,,,,
,,,,,,,,,,,
,,,,,,,,,,,
,,,,,,,,,,,
,,,,,,,,,,,
,,,,,,,,,,,
,,,,,,,,,,,
,,,,,,,,,,,
,,,,,,,,,,,
,,,,,,,,,,,
,,,,,,,,,,,
,,,,,,,,,,,
,,,,,,,,,,,
,,,,,,,,,,,
,,,,,,,,,,,
,,,,,,,,,,,
,,,,,,,,,,,
,,,,,,,,,,,
,,,,,,,,,,,
,,,,,,,,,,,
,,,,,,,,,,,
,,,,,,,,,,,
,,,,,,,,,,,
,,,,,,,,,,,
,,,,,,,,,,,
,,,,,,,,,,,
,,,,,,,,,,,
,,,,,,,,,,,
,,,,,,,,,,,
,,,,,,,,,,,
,,,,,,,,,,,
,,,,,,,,,,,
,,,,,,,,,,,
,,,,,,,,,,,
,,,,,,,,,,,
,,,,,,,,,,,
,,,,,,,,,,,
,,,,,,,,,,,
,,,,,,,,,,,
,,,,,,,,,,,
,,,,,,,,,,,
,,,,,,,,,,,
,,,,,,,,,,,
,,,,,,,,,,,
,,,,,,,,,,,
,,,,,,,,,,,
,,,,,,,,,,,
,,,,,,,,,,,
,,,,,,,,,,,
,,,,,,,,,,,
,,,,,,,,,,,
,,,,,,,,,,,
,,,,,,,,,,,
,,,,,,,,,,,
,,,,,,,,,,,
,,,,,,,,,,,
,,,,,,,,,,,
,,,,,,,,,,,
,,,,,,,,,,,
,,,,,,,,,,,
,,,,,,,,,,,
,,,,,,,,,,,
,,,,,,,,,,,
,,,,,,,,,,,
,,,,,,,,,,,
,,,,,,,,,,,
,,,,,,,,,,,
,,,,,,,,,,,
,,,,,,,,,,,
,,,,,,,,,,,
,,,,,,,,,,,
,,,,,,,,,,,
,,,,,,,,,,,
,,,,,,,,,,,
,,,,,,,,,,,
,,,,,,,,,,,
,,,,,,,,,,,
,,,,,,,,,,,
,,,,,,,,,,,
,,,,,,,,,,,
,,,,,,,,,,,
,,,,,,,,,,,
,,,,,,,,,,,
,,,,,,,,,,,
,,,,,,,,,,,
,,,,,,,,,,,
,,,,,,,,,,,
,,,,,,,,,,,
,,,,,,,,,,,
,,,,,,,,,,,
,,,,,,,,,,,
,,,,,,,,,,,
,,,,,,,,,,,
,,,,,,,,,,,
,,,,,,,,,,,
,,,,,,,,,,,
,,,,,,,,,,,
,,,,,,,,,,,
,,,,,,,,,,,
,,,,,,,,,,,
,,,,,,,,,,,
,,,,,,,,,,,
,,,,,,,,,,,
,,,,,,,,,,,
,,,,,,,,,,,
,,,,,,,,,,,
,,,,,,,,,,,
,,,,,,,,,,,
,,,,,,,,,,,
,,,,,,,,,,,
,,,,,,,,,,,
,,,,,,,,,,,
,,,,,,,,,,,
,,,,,,,,,,,
,,,,,,,,,,,
,,,,,,,,,,,
,,,,,,,,,,,
,,,,,,,,,,,
,,,,,,,,,,,
,,,,,,,,,,,
,,,,,,,,,,,
,,,,,,,,,,,
,,,,,,,,,,,
,,,,,,,,,,,
,,,,,,,,,,,
,,,,,,,,,,,
,,,,,,,,,,,
,,,,,,,,,,,
,,,,,,,,,,,
,,,,,,,,,,,
,,,,,,,,,,,
,,,,,,,,,,,
,,,,,,,,,,,
,,,,,,,,,,,
,,,,,,,,,,,
,,,,,,,,,,,
,,,,,,,,,,,
,,,,,,,,,,,
,,,,,,,,,,,
,,,,,,,,,,,
,,,,,,,,,,,
,,,,,,,,,,,
,,,,,,,,,,,
,,,,,,,,,,,
,,,,,,,,,,,
,,,,,,,,,,,
,,,,,,,,,,,
,,,,,,,,,,,
,,,,,,,,,,,
,,,,,,,,,,,
,,,,,,,,,,,
,,,,,,,,,,,
,,,,,,,,,,,
,,,,,,,,,,,
,,,,,,,,,,,
,,,,,,,,,,,
,,,,,,,,,,,
,,,,,,,,,,,
,,,,,,,,,,,
,,,,,,,,,,,
,,,,,,,,,,,
,,,,,,,,,,,
,,,,,,,,,,,
,,,,,,,,,,,
,,,,,,,,,,,
,,,,,,,,,,,
,,,,,,,,,,,
,,,,,,,,,,,
,,,,,,,,,,,
,,,,,,,,,,,
,,,,,,,,,,,
,,,,,,,,,,,
,,,,,,,,,,,
,,,,,,,,,,,
,,,,,,,,,,,
,,,,,,,,,,,
,,,,,,,,,,,
,,,,,,,,,,,
,,,,,,,,,,,
,,,,,,,,,,,
,,,,,,,,,,,
,,,,,,,,,,,
,,,,,,,,,,,
,,,,,,,,,,,
,,,,,,,,,,,
,,,,,,,,,,,
,,,,,,,,,,,
,,,,,,,,,,,
,,,,,,,,,,,
,,,,,,,,,,,
,,,,,,,,,,,
,,,,,,,,,,,
,,,,,,,,,,,
,,,,,,,,,,,
,,,,,,,,,,,
,,,,,,,,,,,
,,,,,,,,,,,
,,,,,,,,,,,
,,,,,,,,,,,
,,,,,,,,,,,
,,,,,,,,,,,
,,,,,,,,,,,
,,,,,,,,,,,
,,,,,,,,,,,
,,,,,,,,,,,
,,,,,,,,,,,
,,,,,,,,,,,
,,,,,,,,,,,
,,,,,,,,,,,
,,,,,,,,,,,
,,,,,,,,,,,
,,,,,,,,,,,
,,,,,,,,,,,
,,,,,,,,,,,
,,,,,,,,,,,
,,,,,,,,,,,
,,,,,,,,,,,
,,,,,,,,,,,
,,,,,,,,,,,
,,,,,,,,,,,
,,,,,,,,,,,
,,,,,,,,,,,
,,,,,,,,,,,
,,,,,,,,,,,
,,,,,,,,,,,
,,,,,,,,,,,
,,,,,,,,,,,
,,,,,,,,,,,
,,,,,,,,,,,
,,,,,,,,,,,
,,,,,,,,,,,
,,,,,,,,,,,
,,,,,,,,,,,
,,,,,,,,,,,
,,,,,,,,,,,
,,,,,,,,,,,
,,,,,,,,,,,
,,,,,,,,,,,
,,,,,,,,,,,
,,,,,,,,,,,
,,,,,,,,,,,
,,,,,,,,,,,
,,,,,,,,,,,
,,,,,,,,,,,
,,,,,,,,,,,
,,,,,,,,,,,
,,,,,,,,,,,
,,,,,,,,,,,
,,,,,,,,,,,
,,,,,,,,,,,
,,,,,,,,,,,
,,,,,,,,,,,
,,,,,,,,,,,
,,,,,,,,,,,
,,,,,,,,,,,
,,,,,,,,,,,
,,,,,,,,,,,
,,,,,,,,,,,
,,,,,,,,,,,
,,,,,,,,,,,
,,,,,,,,,,,
,,,,,,,,,,,
,,,,,,,,,,,
,,,,,,,,,,,
,,,,,,,,,,,
,,,,,,,,,,,
,,,,,,,,,,,
,,,,,,,,,,,
,,,,,,,,,,,
,,,,,,,,,,,
,,,,,,,,,,,
,,,,,,,,,,,
,,,,,,,,,,,
,,,,,,,,,,,
,,,,,,,,,,,
,,,,,,,,,,,
,,,,,,,,,,,
,,,,,,,,,,,
,,,,,,,,,,,
,,,,,,,,,,,
,,,,,,,,,,,
,,,,,,,,,,,
,,,,,,,,,,,
,,,,,,,,,,,
,,,,,,,,,,,
,,,,,,,,,,,
,,,,,,,,,,,
,,,,,,,,,,,
,,,,,,,,,,,
,,,,,,,,,,,
,,,,,,,,,,,
,,,,,,,,,,,
,,,,,,,,,,,
,,,,,,,,,,,
,,,,,,,,,,,
,,,,,,,,,,,
,,,,,,,,,,,
,,,,,,,,,,,
,,,,,,,,,,,
,,,,,,,,,,,
,,,,,,,,,,,
,,,,,,,,,,,
,,,,,,,,,,,
,,,,,,,,,,,
,,,,,,,,,,,
,,,,,,,,,,,
,,,,,,,,,,,
,,,,,,,,,,,
,,,,,,,,,,,
,,,,,,,,,,,
,,,,,,,,,,,
,,,,,,,,,,,
,,,,,,,,,,,
,,,,,,,,,,,
,,,,,,,,,,,
,,,,,,,,,,,
,,,,,,,,,,,
,,,,,,,,,,,
,,,,,,,,,,,
,,,,,,,,,,,
,,,,,,,,,,,
,,,,,,,,,,,
,,,,,,,,,,,
,,,,,,,,,,,
,,,,,,,,,,,
,,,,,,,,,,,
,,,,,,,,,,,
,,,,,,,,,,,
,,,,,,,,,,,
,,,,,,,,,,,
,,,,,,,,,,,
,,,,,,,,,,,
,,,,,,,,,,,
,,,,,,,,,,,
,,,,,,,,,,,
,,,,,,,,,,,
,,,,,,,,,,,
,,,,,,,,,,,
,,,,,,,,,,,
,,,,,,,,,,,
,,,,,,,,,,,
,,,,,,,,,,,
,,,,,,,,,,,
,,,,,,,,,,,
,,,,,,,,,,,
,,,,,,,,,,,
,,,,,,,,,,,
,,,,,,,,,,,
,,,,,,,,,,,
,,,,,,,,,,,
,,,,,,,,,,,
,,,,,,,,,,,
,,,,,,,,,,,
,,,,,,,,,,,
,,,,,,,,,,,
,,,,,,,,,,,
,,,,,,,,,,,
,,,,,,,,,,,
,,,,,,,,,,,
,,,,,,,,,,,
,,,,,,,,,,,
,,,,,,,,,,,
,,,,,,,,,,,
,,,,,,,,,,,
,,,,,,,,,,,
,,,,,,,,,,,
,,,,,,,,,,,
,,,,,,,,,,,
,,,,,,,,,,,
,,,,,,,,,,,
,,,,,,,,,,,
,,,,,,,,,,,
,,,,,,,,,,,
,,,,,,,,,,,
,,,,,,,,,,,
,,,,,,,,,,,
,,,,,,,,,,,
,,,,,,,,,,,
,,,,,,,,,,,
,,,,,,,,,,,
,,,,,,,,,,,
,,,,,,,,,,,
,,,,,,,,,,,
,,,,,,,,,,,
,,,,,,,,,,,
,,,,,,,,,,,
,,,,,,,,,,,
,,,,,,,,,,,
,,,,,,,,,,,
,,,,,,,,,,,
,,,,,,,,,,,
,,,,,,,,,,,
,,,,,,,,,,,
,,,,,,,,,,,
,,,,,,,,,,,
,,,,,,,,,,,
,,,,,,,,,,,
,,,,,,,,,,,
,,,,,,,,,,,
,,,,,,,,,,,
,,,,,,,,,,,
,,,,,,,,,,,
,,,,,,,,,,,
,,,,,,,,,,,
,,,,,,,,,,,
,,,,,,,,,,,
,,,,,,,,,,,
,,,,,,,,,,,
,,,,,,,,,,,
,,,,,,,,,,,
,,,,,,,,,,,
,,,,,,,,,,,
,,,,,,,,,,,
,,,,,,,,,,,
,,,,,,,,,,,
,,,,,,,,,,,
,,,,,,,,,,,
,,,,,,,,,,,
,,,,,,,,,,,
,,,,,,,,,,,
,,,,,,,,,,,
,,,,,,,,,,,
,,,,,,,,,,,
,,,,,,,,,,,
,,,,,,,,,,,
,,,,,,,,,,,
,,,,,,,,,,,
,,,,,,,,,,,
,,,,,,,,,,,
,,,,,,,,,,,
,,,,,,,,,,,
,,,,,,,,,,,
,,,,,,,,,,,
,,,,,,,,,,,
,,,,,,,,,,,
,,,,,,,,,,,
,,,,,,,,,,,
,,,,,,,,,,,
,,,,,,,,,,,
,,,,,,,,,,,
,,,,,,,,,,,
,,,,,,,,,,,
,,,,,,,,,,,
,,,,,,,,,,,
,,,,,,,,,,,
,,,,,,,,,,,
,,,,,,,,,,,
,,,,,,,,,,,
,,,,,,,,,,,
,,,,,,,,,,,
,,,,,,,,,,,
,,,,,,,,,,,
,,,,,,,,,,,
,,,,,,,,,,,
,,,,,,,,,,,
,,,,,,,,,,,
,,,,,,,,,,,
,,,,,,,,,,,
,,,,,,,,,,,
,,,,,,,,,,,
,,,,,,,,,,,
,,,,,,,,,,,
,,,,,,,,,,,
,,,,,,,,,,,
,,,,,,,,,,,
,,,,,,,,,,,
,,,,,,,,,,,
,,,,,,,,,,,
,,,,,,,,,,,
,,,,,,,,,,,
,,,,,,,,,,,
,,,,,,,,,,,
,,,,,,,,,,,
,,,,,,,,,,,
,,,,,,,,,,,
,,,,,,,,,,,
,,,,,,,,,,,
,,,,,,,,,,,
,,,,,,,,,,,
,,,,,,,,,,,
,,,,,,,,,,,
,,,,,,,,,,,
,,,,,,,,,,,
,,,,,,,,,,,
,,,,,,,,,,,
,,,,,,,,,,,
,,,,,,,,,,,
,,,,,,,,,,,
,,,,,,,,,,,
,,,,,,,,,,,
,,,,,,,,,,,
,,,,,,,,,,,
,,,,,,,,,,,
,,,,,,,,,,,
,,,,,,,,,,,
,,,,,,,,,,,
,,,,,,,,,,,
,,,,,,,,,,,
,,,,,,,,,,,
,,,,,,,,,,,
,,,,,,,,,,,
,,,,,,,,,,,
,,,,,,,,,,,
,,,,,,,,,,,
,,,,,,,,,,,
,,,,,,,,,,,
,,,,,,,,,,,
,,,,,,,,,,,
,,,,,,,,,,,
,,,,,,,,,,,
,,,,,,,,,,,
,,,,,,,,,,,
,,,,,,,,,,,
,,,,,,,,,,,
,,,,,,,,,,,
,,,,,,,,,,,
,,,,,,,,,,,
,,,,,,,,,,,
,,,,,,,,,,,
,,,,,,,,,,,
,,,,,,,,,,,
,,,,,,,,,,,
,,,,,,,,,,,
,,,,,,,,,,,
,,,,,,,,,,,
,,,,,,,,,,,
,,,,,,,,,,,
,,,,,,,,,,,
,,,,,,,,,,,
,,,,,,,,,,,
,,,,,,,,,,,
,,,,,,,,,,,
,,,,,,,,,,,
,,,,,,,,,,,
,,,,,,,,,,,
,,,,,,,,,,,
,,,,,,,,,,,
,,,,,,,,,,,
,,,,,,,,,,,
,,,,,,,,,,,
,,,,,,,,,,,
,,,,,,,,,,,
,,,,,,,,,,,
,,,,,,,,,,,
,,,,,,,,,,,
,,,,,,,,,,,
,,,,,,,,,,,
,,,,,,,,,,,
,,,,,,,,,,,
,,,,,,,,,,,
,,,,,,,,,,,
,,,,,,,,,,,
,,,,,,,,,,,
,,,,,,,,,,,
,,,,,,,,,,,
,,,,,,,,,,,